machine_name,model_name,board_name,lot_number,model_code,default_date,volume,rest_volume,line_code,productions,divisions_volume
GC01,VCB-NPB2F,DCP-133Z集合,1198827-10,Y8470696RA,2025-10-02,2000.0,0,GC17,"{datetime.datetime(2025, 10, 2, 0, 0): 2000}",20
GC01,VCB-NPB2F,DCP-133Z集合,1198829-10,Y8470696RA,2025-10-02,3000.0,0,GC17,"{datetime.datetime(2025, 10, 2, 0, 0): 3000}",20
GC01,VCB-NPB2F,DCP-133Z集合,1198023-20,Y8470696RA,2025-09-25,6000.0,0,GC17,"{datetime.datetime(2025, 10, 2, 0, 0): 40}",20
GC01,VCB-NPB2F,DCP-133Z集合,1198827-20,Y8470696RA,2025-10-02,2000.0,0,GC17,"{datetime.datetime(2025, 10, 2, 0, 0): 1000, datetime.datetime(2025, 10, 3, 0, 0): 1000}",20
GC01,VCB-NPB2F,DCP-133Z集合,1198829-20,Y8470696RA,2025-10-02,3000.0,0,GC17,"{datetime.datetime(2025, 10, 3, 0, 0): 3000}",20
GC01,VCB-N5B2B,DCP-81Z集合,1198813-10,Y8470250R,2025-10-03,2400.0,0,GC17,"{datetime.datetime(2025, 10, 3, 0, 0): 2400}",20
GC01,VCB-N5B2B,DCP-81Z集合,1198817-10,Y8470250R,2025-10-03,200.0,0,GC17,"{datetime.datetime(2025, 10, 3, 0, 0): 100, datetime.datetime(2025, 10, 7, 0, 0): 100}",20
GC01,VCB-N5B2B,DCP-81Z集合,1199042-10,Y8470250R,2025-10-03,120.0,0,GC17,"{datetime.datetime(2025, 10, 7, 0, 0): 120}",20
GC01,VCB-N5B2B,DCP-81Z集合,1198813-20,Y8470250R,2025-10-03,2400.0,0,GC17,"{datetime.datetime(2025, 10, 7, 0, 0): 2400}",20
GC01,VCB-N5B2B,DCP-81Z集合,1198817-20,Y8470250R,2025-10-03,200.0,0,GC17,"{datetime.datetime(2025, 10, 7, 0, 0): 200}",20
GC01,VCB-N5B2B,DCP-81Z集合,1199042-20,Y8470250R,2025-10-03,120.0,0,GC17,"{datetime.datetime(2025, 10, 7, 0, 0): 120}",20
GC01,VCB-NPB2F,DCP-133Z集合,1199002-10,Y8470696RA,2025-10-08,3000.0,0,GC17,"{datetime.datetime(2025, 10, 8, 0, 0): 3000}",20
GC01,VCB-NPB2F,DCP-133Z集合,1199043-10,Y8470696RA,2025-10-08,120.0,0,GC17,"{datetime.datetime(2025, 10, 8, 0, 0): 120}",20
GC01,VCB-NPB2F,DCP-133Z集合,1198831-10,Y8470696RA,2025-10-09,6400.0,0,GC17,"{datetime.datetime(2025, 10, 8, 0, 0): 3740, datetime.datetime(2025, 10, 9, 0, 0): 2660}",20
GC01,VCB-NPB2F,DCP-133Z集合,1199002-20,Y8470696RA,2025-10-08,3000.0,0,GC17,"{datetime.datetime(2025, 10, 9, 0, 0): 3000}",20
GC01,VCB-NPB2F,DCP-133Z集合,1199043-20,Y8470696RA,2025-10-08,120.0,0,GC17,"{datetime.datetime(2025, 10, 9, 0, 0): 120}",20
GC01,VCB-NPB2F,DCP-133Z集合,1198831-20,Y8470696RA,2025-10-09,6400.0,0,GC17,"{datetime.datetime(2025, 10, 9, 0, 0): 780, datetime.datetime(2025, 10, 10, 0, 0): 5620}",20
GC01,VCB-MB551,DCP,1198839-10,Y8469650R,2025-10-10,480.0,0,GC17,"{datetime.datetime(2025, 10, 10, 0, 0): 480}",20
GC01,VCB-MB551,DCP,1198839-20,Y8469650R,2025-10-10,480.0,0,GC17,"{datetime.datetime(2025, 10, 10, 0, 0): 480}",20
GC01,VCB-NPB2B,DCP-133Z集合,1198815-10,Y8470695RA,2025-10-15,1440.0,0,GC17,"{datetime.datetime(2025, 10, 15, 0, 0): 1440}",20
GC01,VCB-NPB2B,DCP-133Z集合,1198835-10,Y8470695RA,2025-10-15,7200.0,0,GC17,"{datetime.datetime(2025, 10, 15, 0, 0): 5400, datetime.datetime(2025, 10, 16, 0, 0): 1800}",20
GC01,VCB-NPB2F,DCP-133Z集合,1198833-10,Y8470696RA,2025-10-16,720.0,0,GC17,"{datetime.datetime(2025, 10, 16, 0, 0): 720}",20
GC01,VCB-NPB2F,DCP-133Z集合,1198837-10,Y8470696RA,2025-10-16,200.0,0,GC17,"{datetime.datetime(2025, 10, 16, 0, 0): 200}",20
GC01,VCB-NPB2B,DCP-133Z集合,1198815-20,Y8470695RA,2025-10-15,1440.0,0,GC17,"{datetime.datetime(2025, 10, 16, 0, 0): 1440}",20
GC01,VCB-NPB2B,DCP-133Z集合,1198835-20,Y8470695RA,2025-10-15,7200.0,0,GC17,"{datetime.datetime(2025, 10, 16, 0, 0): 2400, datetime.datetime(2025, 10, 17, 0, 0): 4800}",20
GC01,VCB-NPB2F,DCP-133Z集合,1198833-20,Y8470696RA,2025-10-16,720.0,0,GC17,"{datetime.datetime(2025, 10, 17, 0, 0): 720}",20
GC01,VCB-NPB2F,DCP-133Z集合,1198837-20,Y8470696RA,2025-10-16,200.0,0,GC17,"{datetime.datetime(2025, 10, 17, 0, 0): 200}",20
GC01,VCB-MB551,DCP,-10,Y8469650R,2025-11-28,480.0,0,GC17,"{datetime.datetime(2025, 9, 28, 0, 0): 1000}",20
GC01,VCB-MB551,DCP,-20,Y8469650R,2025-11-28,1000.0,0,GC17,"{datetime.datetime(2025, 9, 28, 0, 0): 1000}",20
GC01,VCB-N5B2L,DCP-81Z集合,1197715-10,Y8470250R,2025-08-22,1320.0,0,GC17,"{datetime.datetime(2025, 9, 28, 0, 0): 240}",20
GC01,VCB-N5B2L,DCP-81Z集合,1197715-20,Y8470346R,2025-08-22,240.0,0,GC17,"{datetime.datetime(2025, 9, 28, 0, 0): 240}",20
GC01,VCB-NPB2F,DCP-133Z集合,1198843-10,Y8470696RA,2025-10-29,200.0,0,GC17,"{datetime.datetime(2025, 9, 28, 0, 0): 6000}",20
GC01,VCB-NPB2F,DCP-133Z集合,1198843-20,Y8470696RA,2025-10-29,6000.0,0,GC17,"{datetime.datetime(2025, 9, 28, 0, 0): 6000}",20
GC01,AAE004547-CAA,ﾑｾﾝｶｷｯﾄ集合,1198872-10,Y8470348R,2025-09-18,,0,GC09,"{datetime.datetime(2025, 10, 2, 0, 0): 960}",6
GC01,AAE005155-CAA,MAIN集合,1198873-10,Y8470680R,2025-09-19,960.0,0,GT30,"{datetime.datetime(2025, 10, 2, 0, 0): 5580}",6
GC01,AAE005155-CCA,MAIN集合,1198874-10,Y8470837R,2025-09-22,5580.0,0,GT30,"{datetime.datetime(2025, 10, 3, 0, 0): 990}",6
GC01,AAE005155-CCA,MAIN集合,1198875-10,Y8470839R,2025-09-22,990.0,0,GT30,"{datetime.datetime(2025, 10, 3, 0, 0): 990}",6
GC01,AAE005155-CCA,MAIN集合,1198876-10,Y8470839R,2025-09-22,990.0,0,GT30,"{datetime.datetime(2025, 10, 3, 0, 0): 990}",6
GC01,AAE004547-CAA,MAIN集合,1198877-10,Y8470839R,2025-09-22,990.0,0,GC09,"{datetime.datetime(2025, 10, 3, 0, 0): 1800}",6
GC01,AAE004547-CAA,MAIN集合,1198878-10,Y8470680R,2025-09-22,1800.0,0,GC09,"{datetime.datetime(2025, 10, 3, 0, 0): 1800}",6
GC01,AAE004547-CAA,MAIN集合,1198879-10,Y8470680R,2025-09-22,1800.0,0,GC09,"{datetime.datetime(2025, 10, 6, 0, 0): 1800}",6
GC01,AAE004547-CAA,MAIN集合,1198880-10,Y8470680R,2025-09-25,1800.0,0,GC09,"{datetime.datetime(2025, 10, 8, 0, 0): 1800}",6
GC01,AAE005155-CBA,MAIN集合,1199005-10,Y8470680R,2025-09-24,1800.0,0,GT30,"{datetime.datetime(2025, 10, 2, 0, 0): 540}",6
GC01,AAE005155-CAA,MAIN集合,1199006-10,Y8470838R,2025-09-24,540.0,0,GT30,"{datetime.datetime(2025, 10, 2, 0, 0): 5040}",6
GC01,AAE005155-CAA,MAIN集合,1199007-10,Y8470837R,2025-09-26,5040.0,0,GT30,"{datetime.datetime(2025, 10, 3, 0, 0): 5040}",6
GC01,AAE005155-CBA,MAIN集合,1199008-10,Y8470837R,2025-09-26,5040.0,0,GT30,"{datetime.datetime(2025, 10, 3, 0, 0): 540}",6
GC01,AAE004547-CAA,MAIN集合,1199009-10,Y8470838R,2025-09-26,540.0,0,GC09,"{datetime.datetime(2025, 10, 6, 0, 0): 1800}",6
GC01,AAE004547-CAA,MAIN集合,1199010-10,Y8470680R,2025-09-26,1800.0,0,GC09,"{datetime.datetime(2025, 10, 6, 0, 0): 1800}",6
GC01,AAE004547-CAA,MAIN集合,1199011-10,Y8470680R,2025-10-02,1800.0,0,GC09,"{datetime.datetime(2025, 10, 6, 0, 0): 66}",6
GC01,AAE004547-CAA,MAIN集合,1199012-10,Y8470680R,2025-10-02,66.0,0,GC09,"{datetime.datetime(2025, 10, 6, 0, 0): 1578}",6
GC01,AAE005155-CCA,MAIN集合,1199055-10,Y8470680R,2025-09-30,1578.0,0,GT30,"{datetime.datetime(2025, 10, 1, 0, 0): 990}",6
GC01,AAE005155-CAA,MAIN集合,1199056-10,Y8470839R,2025-09-30,990.0,0,GT30,"{datetime.datetime(2025, 10, 1, 0, 0): 5040}",6
GC01,AAE005155-CBA,MAIN集合,1199057-10,Y8470837R,2025-10-06,5040.0,0,GT30,"{datetime.datetime(2025, 10, 2, 0, 0): 540}",6
GC01,AAE005155-CBA,MAIN集合,1199058-10,Y8470838R,2025-10-06,540.0,0,GT30,"{datetime.datetime(2025, 10, 2, 0, 0): 540}",6
GC01,AAE005155-CAA,MAIN集合,1199059-10,Y8470838R,2025-10-06,540.0,0,GT30,"{datetime.datetime(2025, 10, 2, 0, 0): 5040}",6
GC01,AAE004547-CAA,MAIN集合,1199060-10,Y8470837R,2025-10-08,5040.0,0,GT30,"{datetime.datetime(2025, 10, 3, 0, 0): 960}",6
GC01,AAE005155-CCA,MAIN集合,1199061-10,Y8470680R,2025-10-08,960.0,0,GT30,"{datetime.datetime(2025, 10, 3, 0, 0): 990}",6
GC01,AAE005155-CAA,MAIN集合,1199062-10,Y8470839R,2025-10-08,990.0,0,GT30,"{datetime.datetime(2025, 10, 3, 0, 0): 5040}",6
GC01,AAE005155-CBA,MAIN集合,1199063-10,Y8470837R,2025-10-08,5040.0,0,GT30,"{datetime.datetime(2025, 10, 6, 0, 0): 540}",6
GC01,AAE005155-CDA,MAIN集合,1199064-10,Y8470838R,2025-10-08,540.0,0,GT30,"{datetime.datetime(2025, 10, 6, 0, 0): 990}",6
GC02,HCE-V04-PMCKD.REV2,MAIN集合,1198689-20,Y8470819R,2025-09-26,420.0,0,GT07,"{datetime.datetime(2025, 9, 26, 0, 0): 420}",6
GC02,HCE-V04-PMCKD.REV2,MAIN集合,1198993-10,Y8470819R,2025-10-02,1578.0,0,GT07,"{datetime.datetime(2025, 10, 1, 0, 0): 1530, datetime.datetime(2025, 10, 2, 0, 0): 48}",6
GC02,HCE-V04-PMCKD.REV2,MAIN集合,1198993-20,Y8470819R,2025-10-02,1578.0,0,GT07,"{datetime.datetime(2025, 10, 2, 0, 0): 1080, datetime.datetime(2025, 10, 3, 0, 0): 462, datetime.datetime(2025, 10, 7, 0, 0): 36}",6
GC02,VCB-H71,CCD,1198841-10,Y8468729RA,2025-10-24,200.0,0,GT15,"{datetime.datetime(2025, 9, 30, 0, 0): 200}",10
GC02,VCB-H71,CCD,1198841-20,Y8468729RA,2025-10-24,200.0,0,GT15,"{datetime.datetime(2025, 9, 30, 0, 0): 200}",10
GC02,VCB-H71,CCD,1199003-10,Y8468729RA,2025-10-24,50.0,0,GT15,"{datetime.datetime(2025, 9, 30, 0, 0): 50}",10
GC02,VCB-H71,CCD,1199003-20,Y8468729RA,2025-10-24,50.0,0,GT15,"{datetime.datetime(2025, 9, 30, 0, 0): 50}",10
GC02,VCB-N505I(SYX),AVP,1197230-10,Y8469323R,2025-07-04,40.0,0,GT15,"{datetime.datetime(2025, 10, 2, 0, 0): 40}",20
GC02,VCB-N505I(SYX),AVP,1197230-20,Y8469323R,2025-07-04,40.0,0,GT15,"{datetime.datetime(2025, 10, 2, 0, 0): 40}",20
GC02,VCB-N505I(SYX),AVP,1197231-10,Y8469323R,2025-07-04,20.0,0,GT15,"{datetime.datetime(2025, 10, 2, 0, 0): 20}",20
GC02,VCB-N505I(SYX),AVP,1197231-20,Y8469323R,2025-07-04,20.0,0,GT15,"{datetime.datetime(2025, 10, 2, 0, 0): 20}",20
GC02,VCB-N505I(SYX),PS,1197232-10,Y8469325R,2025-07-04,20.0,0,GT15,"{datetime.datetime(2025, 10, 2, 0, 0): 20}",20
GC02,VCB-N505I(SYX),PS,1197232-20,Y8469325R,2025-07-04,20.0,0,GT15,"{datetime.datetime(2025, 10, 2, 0, 0): 20}",20
GC02,VCB-N505I(SYX),AVP,1197130-10,Y8469323R,2025-07-04,160.0,0,GT15,"{datetime.datetime(2025, 10, 2, 0, 0): 160}",20
GC02,VCB-N505I(SYX),AVP,1197130-20,Y8469323R,2025-07-04,160.0,0,GT15,"{datetime.datetime(2025, 10, 2, 0, 0): 160}",20
GC02,VCB-N508B,PS,1197131-10,Y8469341R,2025-07-04,160.0,0,GT15,"{datetime.datetime(2025, 10, 2, 0, 0): 160}",20
GC02,VCB-N508B,PS,1197131-20,Y8469341R,2025-07-04,160.0,0,GT15,"{datetime.datetime(2025, 10, 2, 0, 0): 160}",20
GC02,VCB-H351,DCPF,-10,Y8469130R,2025-12-05,1560.0,0,GT15,"{datetime.datetime(2025, 9, 30, 0, 0): 1560}",20
GC02,VCB-H351,DCPS,-20,Y8469130R,2025-12-05,1560.0,0,GT15,"{datetime.datetime(2025, 9, 30, 0, 0): 1560}",20
GC02,HCE-V04-PMCKD.REV2,VPR2S,1197464-10,Y8469132R,2025-08-06,,0,GT07,"{datetime.datetime(2025, 9, 29, 0, 0): 4002}",6
GC02,HCE-V04-PMCKD.REV2,MAIN集合,1197464-20,Y8470819R,2025-08-06,4002.0,0,GT07,"{datetime.datetime(2025, 9, 30, 0, 0): 4002}",6
GC02,HCE-V04-PMCKD.REV2,MAIN集合,1198004-10,Y8470819R,2025-09-04,4002.0,0,GT07,"{datetime.datetime(2025, 9, 29, 0, 0): 4002, datetime.datetime(2025, 10, 7, 0, 0): 4002}",6
GC02,HCE-V04-PMCKD.REV2,MAIN集合,1198004-20,Y8470819R,2025-09-04,4002.0,0,GT07,"{datetime.datetime(2025, 9, 30, 0, 0): 4002, datetime.datetime(2025, 10, 7, 0, 0): 4002}",6
GC02,HCE-V04-PMCKD.REV2,MAIN集合,1198689-10,Y8470819R,2025-09-29,4002.0,0,GT07,"{datetime.datetime(2025, 10, 10, 0, 0): 420}",6
GC02,WIT-220,MAIN集合,1189226-10,Y8470819R,2024-10-04,1000.0,0,GC05,"{datetime.datetime(2025, 9, 30, 0, 0): 300}",20
GC02,WIT-220,SE集合,1189226-20,Y8469661R,2024-10-04,300.0,0,GC05,"{datetime.datetime(2025, 9, 30, 0, 0): 300}",20
GC02,WIT-220-NR,SE集合,1189407-10,Y8469661R,2024-10-21,300.0,0,GC05,"{datetime.datetime(2025, 9, 30, 0, 0): 220}",3
GC02,WIT-220-NR,MAIN集合,1189407-20,Y8470026R,2024-10-21,220.0,0,GC05,"{datetime.datetime(2025, 9, 30, 0, 0): 220}",3
GC02,WIT-220-NR,MAIN集合,1190843-10,Y8470026R,2024-10-21,220.0,0,GC05,"{datetime.datetime(2025, 9, 30, 0, 0): 2}",3
GC02,WIT-220-NR,MAIN集合,1190843-20,Y8470026R,2024-10-21,2.0,0,GC05,"{datetime.datetime(2025, 9, 30, 0, 0): 2}",3
GC03,CN-SBDFJ0CJ,771BNAVI,1198760-20,Y8470817R,2025-09-24,160.0,0,GC03,"{datetime.datetime(2025, 9, 26, 0, 0): 160}",1
GC03,CN-SNDFJ0CJ,771ANAVI,1198765-20,Y8470813R,2025-09-25,320.0,0,GC03,"{datetime.datetime(2025, 9, 26, 0, 0): 320}",1
GC03,CN-SNDFJ0CJ,771ANAVI,1198956-20,Y8470813R,2025-09-26,480.0,0,GC03,"{datetime.datetime(2025, 9, 26, 0, 0): 375, datetime.datetime(2025, 9, 29, 0, 0): 105}",1
GC03,AAE005155-CAA,MAIN集合,1199007-10,Y8470837R,2025-09-26,5040.0,0,GT30,"{datetime.datetime(2025, 9, 29, 0, 0): 4830, datetime.datetime(2025, 9, 30, 0, 0): 210}",6
GC03,AAE005155-CBA,MAIN集合,1199008-10,Y8470838R,2025-09-26,540.0,0,GT30,"{datetime.datetime(2025, 9, 30, 0, 0): 540}",6
GC03,CN-SNDDJ0CJ,411CNAVI,1198983-20,Y8470722R,2025-09-29,480.0,0,GC03,"{datetime.datetime(2025, 9, 30, 0, 0): 480}",1
GC03,CN-SNDDJ0CJ,411CNAVI,1198984-20,Y8470722R,2025-09-29,480.0,0,GC03,"{datetime.datetime(2025, 9, 30, 0, 0): 150, datetime.datetime(2025, 10, 1, 0, 0): 330}",1
GC03,AAE005155-CCA,MAIN集合,1199055-10,Y8470839R,2025-09-30,990.0,0,GT30,"{datetime.datetime(2025, 10, 1, 0, 0): 990}",6
GC03,AAE005155-CAA,MAIN集合,1199056-10,Y8470837R,2025-09-30,5040.0,0,GT30,"{datetime.datetime(2025, 10, 1, 0, 0): 2040, datetime.datetime(2025, 10, 2, 0, 0): 3000}",6
GC03,CN-SNDDJ0CJ,411CNAVI,1198985-20,Y8470722R,2025-10-01,220.0,0,GC03,"{datetime.datetime(2025, 10, 2, 0, 0): 220}",1
GC03,CN-SNDDJ0CJ,411CNAVI,1198986-20,Y8470722R,2025-10-01,261.0,0,GC03,"{datetime.datetime(2025, 10, 2, 0, 0): 90, datetime.datetime(2025, 10, 3, 0, 0): 171}",1
GC03,CN-SNDDJ0CJ,411CNAVI,1198987-20,Y8470722R,2025-10-01,480.0,0,GC03,"{datetime.datetime(2025, 10, 3, 0, 0): 480}",1
GC03,NS-2250-16,NM,1198340-10,Y8469832R,2025-10-02,35.0,0,GC16,"{datetime.datetime(2025, 10, 3, 0, 0): 35}",1
GC03,NS-2250-16,NM,1198340-20,Y8469832R,2025-10-02,35.0,0,GC16,"{datetime.datetime(2025, 10, 3, 0, 0): 35}",1
GC03,FH2224,FH2224基板,1198886-10,Y8470563R,2025-10-06,100.0,0,GC19,"{datetime.datetime(2025, 10, 6, 0, 0): 100}",1
GC03,FH2224,FH2224基板,1198886-20,Y8470563R,2025-10-06,100.0,0,GC19,"{datetime.datetime(2025, 10, 6, 0, 0): 100}",1
GC03,CN-SNDDJ0CJ,411CNAVI,1199105-20,Y8470722R,2025-10-03,480.0,0,GC03,"{datetime.datetime(2025, 10, 6, 0, 0): 390, datetime.datetime(2025, 10, 7, 0, 0): 90}",1
GC03,CN-SNDDJ0CJ,411CNAVI,1199106-20,Y8470722R,2025-10-03,480.0,0,GC03,"{datetime.datetime(2025, 10, 7, 0, 0): 480}",1
GC03,CN-SNDDJ0CJ,411CNAVI,1199107-20,Y8470722R,2025-10-03,480.0,0,GC03,"{datetime.datetime(2025, 10, 7, 0, 0): 330, datetime.datetime(2025, 10, 8, 0, 0): 150}",1
GC03,AAE005155-CBA,MAIN集合,1199057-10,Y8470838R,2025-10-06,540.0,0,GT30,"{datetime.datetime(2025, 10, 8, 0, 0): 540}",6
GC03,AAE005155-CBA,MAIN集合,1199058-10,Y8470838R,2025-10-06,540.0,0,GT30,"{datetime.datetime(2025, 10, 8, 0, 0): 540}",6
GC03,AAE005155-CAA,MAIN集合,1199059-10,Y8470837R,2025-10-06,5040.0,0,GT30,"{datetime.datetime(2025, 10, 8, 0, 0): 3060, datetime.datetime(2025, 10, 9, 0, 0): 1980}",6
GC03,CN-SNDDJ0CJ,411CNAVI,1199108-20,Y8470722R,2025-10-08,480.0,0,GC03,"{datetime.datetime(2025, 10, 9, 0, 0): 470, datetime.datetime(2025, 10, 10, 0, 0): 10}",1
GC03,AAE005155-CCA,MAIN集合,1199061-10,Y8470839R,2025-10-08,990.0,0,GT30,"{datetime.datetime(2025, 10, 10, 0, 0): 990}",6
GC03,AAE005155-CAA,MAIN集合,1199062-10,Y8470837R,2025-10-08,5040.0,0,GT30,"{datetime.datetime(2025, 10, 10, 0, 0): 1020, datetime.datetime(2025, 10, 14, 0, 0): 4020}",6
GC03,AAE005155-CBA,MAIN集合,1199063-10,Y8470838R,2025-10-08,540.0,0,GT30,"{datetime.datetime(2025, 10, 15, 0, 0): 540}",6
GC03,AAE005155-CDA,MAIN集合,1199064-10,Y8470840R,2025-10-08,990.0,0,GT30,"{datetime.datetime(2025, 10, 16, 0, 0): 990}",6
GC03,NS-2250-16,NM,1198782-10,Y8469832R,2025-10-15,50.0,0,GC16,"{datetime.datetime(2025, 10, 16, 0, 0): 50}",1
GC03,NS-2250-16,NM,1198782-20,Y8469832R,2025-10-15,50.0,0,GC16,"{datetime.datetime(2025, 10, 16, 0, 0): 50}",1
GC03,FH2224,FH2224基板,-10,Y8470563R,2025-11-12,100.0,0,GC19,"{datetime.datetime(2025, 9, 29, 0, 0): 201}",1
GC03,FH2224,FH2224基板,-20,Y8470563R,2025-11-12,201.0,0,GC19,"{datetime.datetime(2025, 9, 29, 0, 0): 201}",1
GC03,FH2531,FH2224基板,1180430-10,Y8470563R,2023-11-03,,0,GC19,"{datetime.datetime(2025, 9, 30, 0, 0): 111}",1
GC03,FH2531,FH2389基板,1180430-20,Y8470740R,2023-11-03,111.0,0,GC19,"{datetime.datetime(2025, 9, 30, 0, 0): 111}",1
GC03,FH2389,FH2389基板,1183707-10,Y8470740R,2024-05-09,111.0,0,GC19,"{datetime.datetime(2025, 9, 30, 0, 0): 140}",1
GC03,FH2389,FH2389基板,1183707-20,Y8470631R,2024-05-09,140.0,0,GC19,"{datetime.datetime(2025, 9, 30, 0, 0): 140}",1
GC03,FH1364B1F,FH2389基板,1187074-10,Y8470631R,2024-07-18,140.0,0,GC19,"{datetime.datetime(2025, 9, 30, 0, 0): 10}",1
GC03,FH1364B1F,MAIN,1187074-20,Y8469890R,2024-07-18,10.0,0,GC19,"{datetime.datetime(2025, 9, 30, 0, 0): 10}",1
GC03,NS-2250-16,MAIN,1197825-10,Y8469945R,2025-08-22,,0,GC16,"{datetime.datetime(2025, 9, 29, 0, 0): 40}",1
GC03,NS-2250-16,NM,1197825-20,Y8469832R,2025-08-22,40.0,0,GC16,"{datetime.datetime(2025, 9, 29, 0, 0): 40}",1
GC03,NS-2250-16,NM,1198334-10,Y8469832R,2025-09-18,40.0,0,GC16,"{datetime.datetime(2025, 9, 29, 0, 0): 50}",1
GC03,NS-2250-16,NM,1198334-20,Y8469832R,2025-09-18,50.0,0,GC16,"{datetime.datetime(2025, 9, 29, 0, 0): 50}",1
GC03,NS-2260-16,NM,1198179-10,Y8469747R,2025-08-19,57.0,0,GC16,"{datetime.datetime(2025, 9, 29, 0, 0): 30}",1
GC03,NS-2260-16,MAIN,1198179-20,Y8470827R,2025-08-19,30.0,0,GC16,"{datetime.datetime(2025, 9, 29, 0, 0): 30}",1
GC03,NS-2260-32,MAIN,1198042-10,Y8470827R,2025-08-19,30.0,0,GC16,"{datetime.datetime(2025, 10, 17, 0, 0): 30}",1
GC03,NS-2260-32,MAIN,1198042-20,Y8470825R,2025-08-19,30.0,0,GC16,"{datetime.datetime(2025, 10, 17, 0, 0): 30}",1
GC03,NS-2260-48,MAIN,1198040-10,Y8470825R,2025-08-19,30.0,0,GC16,"{datetime.datetime(2025, 10, 10, 0, 0): 40}",1
GC03,NS-2260-48,MAIN,1198040-20,Y8470821R,2025-08-19,40.0,0,GC16,"{datetime.datetime(2025, 10, 10, 0, 0): 40}",1
GC03,NS-2260-48,MAIN,1198041-10,Y8470821R,2025-08-19,40.0,0,GC16,"{datetime.datetime(2025, 10, 10, 0, 0): 40}",2
GC03,NS-2260-48,SUB集合,1198041-20,Y8470823R,2025-08-19,40.0,0,GC16,"{datetime.datetime(2025, 10, 10, 0, 0): 40}",2
GC04,CN-SNDFJ0CJ,772ALCD,1198772-20,Y8470815R,2025-09-24,640.0,0,GC03,"{datetime.datetime(2025, 9, 26, 0, 0): 640}",1
GC04,CN-SNDFJ0CJ,772ALCD,1198773-10,Y8470815R,2025-09-24,160.0,0,GC03,"{datetime.datetime(2025, 9, 26, 0, 0): 160}",1
GC04,CN-SNDFJ0CJ,772ALCD,1198774-10,Y8470815R,2025-09-24,320.0,0,GC03,"{datetime.datetime(2025, 9, 26, 0, 0): 180, datetime.datetime(2025, 9, 29, 0, 0): 140}",1
GC04,CN-SNDFJ0CJ,772ALCD,1198773-20,Y8470815R,2025-09-24,160.0,0,GC03,"{datetime.datetime(2025, 9, 29, 0, 0): 160}",1
GC04,CN-SNDFJ0CJ,772ALCD,1198774-20,Y8470815R,2025-09-24,320.0,0,GC03,"{datetime.datetime(2025, 9, 26, 0, 0): 60, datetime.datetime(2025, 9, 29, 0, 0): 260}",1
GC04,CN-SNDFJ0CJ,772ALCD,1198957-10,Y8470815R,2025-09-26,480.0,0,GC03,"{datetime.datetime(2025, 9, 29, 0, 0): 480}",1
GC04,CN-SNDCJ1CJ,412ALCD集合,1198988-10,Y8470668R,2025-09-29,480.0,0,GC03,"{datetime.datetime(2025, 9, 29, 0, 0): 375, datetime.datetime(2025, 9, 30, 0, 0): 105}",1
GC04,CN-SNDCJ1CJ,412ALCD集合,1198988-20,Y8470668R,2025-09-29,480.0,0,GC03,"{datetime.datetime(2025, 9, 30, 0, 0): 480}",1
GC04,CN-SNDCJ1CJ,412ALCD集合,1198989-10,Y8470668R,2025-09-29,480.0,0,GC03,"{datetime.datetime(2025, 9, 30, 0, 0): 480}",1
GC04,CN-SNDCJ1CJ,412ALCD集合,1198989-20,Y8470668R,2025-09-29,480.0,0,GC03,"{datetime.datetime(2025, 9, 30, 0, 0): 35, datetime.datetime(2025, 10, 1, 0, 0): 445}",1
GC04,CN-SNDCJ1CJ,412ALCD集合,1198990-10,Y8470668R,2025-10-01,220.0,0,GC03,"{datetime.datetime(2025, 10, 1, 0, 0): 220}",1
GC04,CN-SNDCJ1CJ,412ALCD集合,1198991-10,Y8470668R,2025-10-01,261.0,0,GC03,"{datetime.datetime(2025, 10, 1, 0, 0): 261}",1
GC04,CN-SNDCJ1CJ,412ALCD集合,1198990-20,Y8470668R,2025-10-01,220.0,0,GC03,"{datetime.datetime(2025, 10, 1, 0, 0): 190, datetime.datetime(2025, 10, 2, 0, 0): 30}",1
GC04,CN-SNDCJ1CJ,412ALCD集合,1198991-20,Y8470668R,2025-10-01,261.0,0,GC03,"{datetime.datetime(2025, 10, 2, 0, 0): 261}",1
GC04,CN-SNDCJ1CJ,412ALCD集合,1198992-10,Y8470668R,2025-10-01,480.0,0,GC03,"{datetime.datetime(2025, 10, 2, 0, 0): 480}",1
GC04,CN-SNDCJ1CJ,412ALCD集合,1198992-20,Y8470668R,2025-10-01,480.0,0,GC03,"{datetime.datetime(2025, 10, 2, 0, 0): 345, datetime.datetime(2025, 10, 3, 0, 0): 135}",1
GC04,CN-SNDCJ1CJ,412ALCD集合,1199109-10,Y8470668R,2025-10-03,480.0,0,GC03,"{datetime.datetime(2025, 10, 3, 0, 0): 480}",1
GC04,CN-SNDCJ1CJ,412ALCD集合,1199109-20,Y8470668R,2025-10-03,480.0,0,GC03,"{datetime.datetime(2025, 10, 6, 0, 0): 480}",1
GC04,CN-SNDCJ1CJ,412ALCD集合,1199110-10,Y8470668R,2025-10-03,480.0,0,GC03,"{datetime.datetime(2025, 10, 6, 0, 0): 480}",1
GC04,CN-SNDCJ1CJ,412ALCD集合,1199110-20,Y8470668R,2025-10-03,480.0,0,GC03,"{datetime.datetime(2025, 10, 6, 0, 0): 155, datetime.datetime(2025, 10, 7, 0, 0): 325}",1
GC04,CN-SNDCJ1CJ,412ALCD集合,1199111-10,Y8470668R,2025-10-03,480.0,0,GC03,"{datetime.datetime(2025, 10, 7, 0, 0): 480}",1
GC04,CN-SNDCJ1CJ,412ALCD集合,1199111-20,Y8470668R,2025-10-03,480.0,0,GC03,"{datetime.datetime(2025, 10, 7, 0, 0): 280, datetime.datetime(2025, 10, 8, 0, 0): 200}",1
GC04,APRESIA13200-48X-PSR3,MAIN集合,1198243-10,Y8470686M,2025-10-06,52.0,0,GC01,"{datetime.datetime(2025, 10, 8, 0, 0): 52}",1
GC04,APRESIA13200-48X-PSR3,MAIN集合,1198243-20,Y8470686M,2025-10-06,52.0,0,GC01,"{datetime.datetime(2025, 10, 8, 0, 0): 52}",1
GC04,BMS-BOX GEN3.0,BMS,1198690-10,Y8470781R,2025-09-24,192.0,0,GT06,"{datetime.datetime(2025, 10, 8, 0, 0): 117}",1
GC04,BMS-BOX GEN3.0,BMS,1198690-20,Y8470781R,2025-09-24,192.0,0,GT06,"{datetime.datetime(2025, 10, 8, 0, 0): 45, datetime.datetime(2025, 10, 9, 0, 0): 72}",1
GC04,CN-SNDCJ1CJ,412ALCD集合,1199112-10,Y8470668R,2025-10-08,480.0,0,GC03,"{datetime.datetime(2025, 10, 9, 0, 0): 480}",1
GC04,CN-SNDCJ1CJ,412ALCD集合,1199112-20,Y8470668R,2025-10-08,480.0,0,GC03,"{datetime.datetime(2025, 10, 9, 0, 0): 395, datetime.datetime(2025, 10, 10, 0, 0): 85}",1
GC04,GMC-2101,MAIN集合,1198247-10,Y8469149M,2025-10-09,24.0,0,GC01,"{datetime.datetime(2025, 10, 10, 0, 0): 24}",6
GC04,GMC-2101,MAIN集合,1198247-20,Y8469149M,2025-10-09,24.0,0,GC01,"{datetime.datetime(2025, 10, 10, 0, 0): 24}",6
GC04,NS-2250-48D,DDC集合,1198784-10,Y8469749R,2025-10-09,50.0,0,GC16,"{datetime.datetime(2025, 10, 10, 0, 0): 50}",3
GC04,NS-2250-48D,DDC集合,1198784-20,Y8469749R,2025-10-09,50.0,0,GC16,"{datetime.datetime(2025, 10, 10, 0, 0): 50}",3
GC04,XGMC-2101X-DC48V/PSR(N),MAIN集合,1198608-10,Y8470622M,2025-10-15,2.0,0,GC01,"{datetime.datetime(2025, 10, 15, 0, 0): 2}",2
GC04,XGMC-2101X-DC48V/PSR(N),MAIN集合,1198613-10,Y8470622M,2025-10-15,48.0,0,GC01,"{datetime.datetime(2025, 10, 15, 0, 0): 48}",2
GC04,XGMC-2101X-DC48V/PSR(N),MAIN集合,1198608-20,Y8470622M,2025-10-15,2.0,0,GC01,"{datetime.datetime(2025, 10, 15, 0, 0): 2}",2
GC04,XGMC-2101X-DC48V/PSR(N),MAIN集合,1198613-20,Y8470622M,2025-10-15,48.0,0,GC01,"{datetime.datetime(2025, 10, 15, 0, 0): 48}",2
GC04,GMC-2001,MAIN集合,1198250-10,Y8468908M,2025-10-15,48.0,0,GC01,"{datetime.datetime(2025, 10, 15, 0, 0): 48}",3
GC04,GMC-2001,MAIN集合,1198250-20,Y8468908M,2025-10-15,48.0,0,GC01,"{datetime.datetime(2025, 10, 15, 0, 0): 48}",3
GC05,FH1682B0F,MAIN集合,1198389-10,Y8469888RA,2025-09-18,360.0,0,GC20,"{datetime.datetime(2025, 9, 26, 0, 0): 42}",2
GC05,FH1682B0F,MAIN集合,1198389-20,Y8469888RA,2025-09-18,360.0,0,GC20,"{datetime.datetime(2025, 9, 26, 0, 0): 42}",2
GC05,CN-SNDDJ0CJ,411CNAVI,1198983-10,Y8470722R,2025-09-29,480.0,0,GC03,"{datetime.datetime(2025, 9, 29, 0, 0): 480}",1
GC05,CN-SNDDJ0CJ,411CNAVI,1198984-10,Y8470722R,2025-09-29,480.0,0,GC03,"{datetime.datetime(2025, 9, 30, 0, 0): 480}",1
GC05,CN-SNDDJ0CJ,411CNAVI,1198985-10,Y8470722R,2025-10-01,220.0,0,GC03,"{datetime.datetime(2025, 10, 1, 0, 0): 220}",1
GC05,CN-SNDDJ0CJ,411CNAVI,1198986-10,Y8470722R,2025-10-01,261.0,0,GC03,"{datetime.datetime(2025, 10, 1, 0, 0): 261}",1
GC05,CN-SNDDJ0CJ,411CNAVI,1198987-10,Y8470722R,2025-10-01,480.0,0,GC03,"{datetime.datetime(2025, 10, 2, 0, 0): 480}",1
GC05,FH1622A0F,MAIN,1198891-10,Y8469892R,2025-10-02,240.0,0,GC20,"{datetime.datetime(2025, 10, 2, 0, 0): 240}",1
GC05,FH1212C0F,MAIN集合,1198917-10,Y8469909R,2025-10-02,100.0,0,GC20,"{datetime.datetime(2025, 10, 2, 0, 0): 100}",2
GC05,FH1212C0F,MAIN集合,1198917-20,Y8469909R,2025-10-02,100.0,0,GC20,"{datetime.datetime(2025, 10, 2, 0, 0): 100}",2
GC05,CN-SNDDJ0CJ,411CNAVI,1199105-10,Y8470722R,2025-10-03,480.0,0,GC03,"{datetime.datetime(2025, 10, 3, 0, 0): 480}",1
GC05,CN-SNDDJ0CJ,411CNAVI,1199106-10,Y8470722R,2025-10-03,480.0,0,GC03,"{datetime.datetime(2025, 10, 6, 0, 0): 480}",1
GC05,CN-SNDDJ0CJ,411CNAVI,1199107-10,Y8470722R,2025-10-03,480.0,0,GC03,"{datetime.datetime(2025, 10, 7, 0, 0): 480}",1
GC05,CN-SNDDJ0CJ,411CNAVI,1199108-10,Y8470722R,2025-10-08,480.0,0,GC03,"{datetime.datetime(2025, 10, 8, 0, 0): 480}",1
GC05,FH1622A0F,MAIN,1198898-10,Y8469892R,2025-10-09,260.0,0,GC20,"{datetime.datetime(2025, 10, 9, 0, 0): 260}",1
GC05,CN-SNDDJ0CJ,411CNAVI,1199105-20,Y8470722R,2025-10-03,480.0,0,GC03,"{datetime.datetime(2025, 10, 3, 0, 0): 480}",1
GC05,CN-SNDDJ0CJ,411CNAVI,1199106-20,Y8470722R,2025-10-03,480.0,0,GC03,"{datetime.datetime(2025, 10, 3, 0, 0): 480}",1
GC05,CN-SNDDJ0CJ,411CNAVI,1199107-20,Y8470722R,2025-10-03,480.0,0,GC03,"{datetime.datetime(2025, 10, 3, 0, 0): 480}",1
GC05,CN-SNDDJ0CJ,411CNAVI,1199108-20,Y8470722R,2025-10-08,480.0,0,GC03,"{datetime.datetime(2025, 10, 8, 0, 0): 480}",1
GC05,CN-SNDFJ0CJ,411CNAVI,1198625-10,Y8470722R,2025-10-09,480.0,0,GC03,"{datetime.datetime(2025, 10, 1, 0, 0): 5}",1
GC05,CN-SNDFJ0CJ,771ANAVI,1198625-20,Y8470813R,2025-10-09,5.0,0,GC03,"{datetime.datetime(2025, 10, 1, 0, 0): 5}",1
GC05,CN-SBDFJ0CJ,771ANAVI,1198627-10,Y8470813R,2025-10-09,5.0,0,GC03,"{datetime.datetime(2025, 10, 1, 0, 0): 2}",1
GC05,CN-SBDFJ0CJ,771BNAVI,1198627-20,Y8470817R,2025-10-09,2.0,0,GC03,"{datetime.datetime(2025, 10, 1, 0, 0): 2}",1
GC05,CN-SNDFJ0CJ,771BNAVI,1197980-10,Y8470817R,2025-08-07,2.0,0,GC03,"{datetime.datetime(2025, 10, 1, 0, 0): 1}",1
GC05,CN-SNDFJ0CJ,771ANAVI,1197980-20,Y8470813R,2025-08-07,410.0,0,GC03,"{datetime.datetime(2025, 10, 1, 0, 0): 1}",1
GC05,CN-SNDFJ0CJ,771ANAVI,1199045-10,Y8470813R,2025-10-27,410.0,0,GC03,"{datetime.datetime(2025, 10, 1, 0, 0): 1}",1
GC05,CN-SNDFJ0CJ,771ANAVI,1199046-10,Y8470813R,2025-10-27,1.0,0,GC03,"{datetime.datetime(2025, 10, 1, 0, 0): 3}",1
GC05,CN-SNDFJ0CJ,771ANAVI,1199047-10,Y8470813R,2025-10-27,3.0,0,GC03,"{datetime.datetime(2025, 10, 1, 0, 0): 6}",1
GC05,CN-SBDFJ0CJ,771ANAVI,1199048-10,Y8470813R,2025-10-27,6.0,0,GC03,"{datetime.datetime(2025, 10, 1, 0, 0): 6}",1
GC05,CN-SNDFJ0CJ,771BNAVI,1199045-20,Y8470817R,2025-10-27,6.0,0,GC03,"{datetime.datetime(2025, 10, 1, 0, 0): 1}",1
GC05,CN-SNDFJ0CJ,771ANAVI,1199046-20,Y8470813R,2025-10-27,1.0,0,GC03,"{datetime.datetime(2025, 10, 1, 0, 0): 3}",1
GC05,CN-SNDFJ0CJ,771ANAVI,1199047-20,Y8470813R,2025-10-27,3.0,0,GC03,"{datetime.datetime(2025, 10, 1, 0, 0): 6}",1
GC05,CN-SBDFJ0CJ,771ANAVI,1199048-20,Y8470813R,2025-10-27,6.0,0,GC03,"{datetime.datetime(2025, 10, 1, 0, 0): 6}",1
GC05,FH1212C0F,411DNAVI,1198369-10,Y8470724R,2025-09-16,,0,GC20,"{datetime.datetime(2025, 10, 1, 0, 0): 200}",2
GC05,FH1212C0F,MAIN集合,1198369-20,Y8469909R,2025-09-16,200.0,0,GC20,"{datetime.datetime(2025, 10, 1, 0, 0): 200}",2
GC05,FH1212C0F,MAIN集合,-10,Y8469909R,2025-11-02,100.0,0,GC20,"{datetime.datetime(2025, 10, 1, 0, 0): 100}",2
GC05,FH1212C0F,MAIN集合,-20,Y8469909R,2025-11-02,100.0,0,GC20,"{datetime.datetime(2025, 10, 1, 0, 0): 100}",2
GC05,FH1622A0F,MAIN集合,1198205-10,Y8469909R,2025-09-02,140.0,0,GC20,"{datetime.datetime(2025, 10, 1, 0, 0): 240}",1
GC05,FH1622A0F,MAIN,1198444-10,Y8469892R,2025-09-18,240.0,0,GC20,"{datetime.datetime(2025, 10, 1, 0, 0): 50}",1
GC05,FH1682B0F,MAIN,1198383-10,Y8469892R,2025-09-08,170.0,0,GC20,"{datetime.datetime(2025, 10, 1, 0, 0): 60}",2
GC05,FH1682B0F,MAIN集合,1198383-20,Y8469888RA,2025-09-08,60.0,0,GC20,"{datetime.datetime(2025, 10, 1, 0, 0): 60}",2
GC05,FH1682B0F,MAIN集合,1198386-10,Y8469888RA,2025-09-11,60.0,0,GC20,"{datetime.datetime(2025, 10, 1, 0, 0): 180}",2
GC05,FH1682B0F,MAIN集合,1198386-20,Y8469888RA,2025-09-11,180.0,0,GC20,"{datetime.datetime(2025, 10, 1, 0, 0): 180}",2
GC06,CAM-009,CAM-009集合,1198464-10,Y8470133R,2025-09-26,600.0,0,GC12,"{datetime.datetime(2025, 9, 26, 0, 0): 224, datetime.datetime(2025, 9, 29, 0, 0): 376}",8
GC06,CN-SNDDJ0CJ,410BMAIN,1198978-10,Y8470720R,2025-09-29,480.0,0,GC03,"{datetime.datetime(2025, 9, 29, 0, 0): 350, datetime.datetime(2025, 9, 30, 0, 0): 130}",1
GC06,CN-SNDDJ0CJ,410BMAIN,1198979-10,Y8470720R,2025-09-29,480.0,0,GC03,"{datetime.datetime(2025, 9, 30, 0, 0): 480}",1
GC06,CN-SNDDJ0CJ,410BMAIN,1198980-10,Y8470720R,2025-10-01,220.0,0,GC03,"{datetime.datetime(2025, 10, 1, 0, 0): 220}",1
GC06,CN-SNDDJ0CJ,410BMAIN,1198981-10,Y8470720R,2025-10-01,261.0,0,GC03,"{datetime.datetime(2025, 10, 1, 0, 0): 261}",1
GC06,CN-SNDDJ0CJ,410BMAIN,1198982-10,Y8470720R,2025-10-01,480.0,0,GC03,"{datetime.datetime(2025, 10, 1, 0, 0): 30, datetime.datetime(2025, 10, 2, 0, 0): 450}",1
GC06,CN-SNDDJ0CJ,410BMAIN,1199101-10,Y8470720R,2025-10-03,480.0,0,GC03,"{datetime.datetime(2025, 10, 3, 0, 0): 480}",1
GC06,CN-SNDDJ0CJ,410BMAIN,1199102-10,Y8470720R,2025-10-03,480.0,0,GC03,"{datetime.datetime(2025, 10, 3, 0, 0): 30, datetime.datetime(2025, 10, 6, 0, 0): 450}",1
GC06,CN-SNDDJ0CJ,410BMAIN,1199103-10,Y8470720R,2025-10-03,480.0,0,GC03,"{datetime.datetime(2025, 10, 6, 0, 0): 480}",1
GC06,CAM-009,CAM-009集合,1198501-10,Y8470133R,2025-10-06,600.0,0,GC12,"{datetime.datetime(2025, 10, 6, 0, 0): 240, datetime.datetime(2025, 10, 7, 0, 0): 360}",8
GC06,SP-300_MCU_CHASSIS,SEN集合,1199044-10,Y8470790R,2025-10-06,2.0,0,GT19,"{datetime.datetime(2025, 10, 7, 0, 0): 2}",2
GC06,SP-300_MCU_CHASSIS,SEN集合,1198794-10,Y8470790R,2025-10-06,10.0,0,GT19,"{datetime.datetime(2025, 10, 7, 0, 0): 10}",2
GC06,SP-300_MCU_CHASSIS,SEN集合,1199044-20,Y8470790R,2025-10-06,2.0,0,GT19,"{datetime.datetime(2025, 10, 7, 0, 0): 2}",2
GC06,SP-300_MCU_CHASSIS,SEN集合,1198794-20,Y8470790R,2025-10-06,10.0,0,GT19,"{datetime.datetime(2025, 10, 7, 0, 0): 10}",2
GC06,SP-300_MCU_FRONT,SW集合,1198806-10,Y8470800R,2025-10-06,10.0,0,GT19,"{datetime.datetime(2025, 10, 7, 0, 0): 10}",5
GC06,SP-300_MCU_FRONT,SW集合,1198806-20,Y8470800R,2025-10-06,10.0,0,GT19,"{datetime.datetime(2025, 10, 7, 0, 0): 10}",5
GC06,SP-300_MCU_CHASSIS,SEG集合,1198797-10,Y8470792R,2025-10-06,10.0,0,GT19,"{datetime.datetime(2025, 10, 7, 0, 0): 10}",5
GC06,SP-300_MCU_CHASSIS,SEG集合,1198797-20,Y8470792R,2025-10-06,10.0,0,GT19,"{datetime.datetime(2025, 10, 7, 0, 0): 10}",5
GC06,SP-300_MCU_CHASSIS,LED集合,1198799-10,Y8470794R,2025-10-06,10.0,0,GT19,"{datetime.datetime(2025, 10, 7, 0, 0): 10}",5
GC06,SP-300_MCU_CHASSIS,LED集合,1198799-20,Y8470794R,2025-10-06,10.0,0,GT19,"{datetime.datetime(2025, 10, 7, 0, 0): 10}",5
GC06,SP-300_MCU_CHASSIS,DGW集合,1198790-10,Y8470786R,2025-10-06,10.0,0,GT19,"{datetime.datetime(2025, 10, 7, 0, 0): 10}",2
GC06,SP-300_MCU_CHASSIS,DGW集合,1198790-20,Y8470786R,2025-10-06,10.0,0,GT19,"{datetime.datetime(2025, 10, 7, 0, 0): 10}",2
GC06,SP-300_MCU_FRONT,EN集合,1198808-10,Y8470802R,2025-10-06,10.0,0,GT19,"{datetime.datetime(2025, 10, 7, 0, 0): 10}",10
GC06,SP-300_MCU_FRONT,MA集合,1198802-10,Y8470796R,2025-10-06,10.0,0,GT19,"{datetime.datetime(2025, 10, 7, 0, 0): 10}",2
GC06,SP-300_MCU_FRONT,MA集合,1198802-20,Y8470796R,2025-10-06,10.0,0,GT19,"{datetime.datetime(2025, 10, 7, 0, 0): 10}",2
GC06,SP-300_MCU_FRONT,SB集合,1198804-10,Y8470798R,2025-10-06,10.0,0,GT19,"{datetime.datetime(2025, 10, 7, 0, 0): 10}",2
GC06,SP-300_MCU_FRONT,SB集合,1198804-20,Y8470798R,2025-10-06,10.0,0,GT19,"{datetime.datetime(2025, 10, 7, 0, 0): 10}",2
GC06,SP-300_MCU_CHASSIS,MO集合,1198788-10,Y8470784R,2025-10-06,10.0,0,GT19,"{datetime.datetime(2025, 10, 7, 0, 0): 10}",2
GC06,SP-300_MCU_CHASSIS,MO集合,1198788-20,Y8470784R,2025-10-06,10.0,0,GT19,"{datetime.datetime(2025, 10, 8, 0, 0): 10}",2
GC06,SP-300_MCU_CHASSIS,PO集合,1198792-10,Y8470788R,2025-10-06,10.0,0,GT19,"{datetime.datetime(2025, 10, 8, 0, 0): 10}",2
GC06,SP-300_MCU_CHASSIS,PO集合,1198792-20,Y8470788R,2025-10-06,10.0,0,GT19,"{datetime.datetime(2025, 10, 8, 0, 0): 10}",2
GC06,CN-SNDDJ0CJ,410BMAIN,1199104-10,Y8470720R,2025-10-08,480.0,0,GC03,"{datetime.datetime(2025, 10, 8, 0, 0): 480}",1
GC06,CAM-009,CAM-009集合,1198503-10,Y8470133R,2025-10-15,600.0,0,GC12,"{datetime.datetime(2025, 10, 15, 0, 0): 600}",8
GC06,CN-SNDDJ0CJ,410BMAIN,1199101-20,Y8470720R,2025-10-03,480.0,0,GC03,"{datetime.datetime(2025, 10, 3, 0, 0): 480}",1
GC06,CN-SNDDJ0CJ,410BMAIN,1199102-20,Y8470720R,2025-10-03,480.0,0,GC03,"{datetime.datetime(2025, 10, 3, 0, 0): 480}",1
GC06,CN-SNDDJ0CJ,410BMAIN,1199103-20,Y8470720R,2025-10-03,480.0,0,GC03,"{datetime.datetime(2025, 10, 3, 0, 0): 480}",1
GC06,CN-SNDDJ0CJ,410BMAIN,1199104-20,Y8470720R,2025-10-08,480.0,0,GC03,"{datetime.datetime(2025, 10, 8, 0, 0): 480}",1
GC06,CN-SNDDJ0CJ,410BMAIN,1197959-10,Y8470720R,2025-09-05,480.0,0,GC03,"{datetime.datetime(2025, 10, 1, 0, 0): 6}",1
GC06,CN-SNDDJ0CJ,410BMAIN,1197959-20,Y8470720R,2025-09-05,6.0,0,GC03,"{datetime.datetime(2025, 10, 1, 0, 0): 6}",1
GC06,CN-SNDFJ0CJ,410BMAIN,1198623-10,Y8470720R,2025-10-09,6.0,0,GC03,"{datetime.datetime(2025, 10, 1, 0, 0): 3}",1
GC06,CN-SNDFJ0CJ,770AMAIN,1198623-20,Y8470811R,2025-10-09,3.0,0,GC03,"{datetime.datetime(2025, 10, 1, 0, 0): 3}",1
GC06,CN-SNDFJ0CJ,770AMAIN,1197976-10,Y8470811R,2025-08-07,3.0,0,GC03,"{datetime.datetime(2025, 10, 1, 0, 0): 1}",1
GC06,CN-SNDFJ0CJ,770AMAIN,1197976-20,Y8470811R,2025-08-07,410.0,0,GC03,"{datetime.datetime(2025, 10, 1, 0, 0): 1}",1
GC06,CN-SNDDJ0CJ,770AMAIN,1199113-10,Y8470811R,2025-10-14,410.0,0,GC03,"{datetime.datetime(2025, 10, 1, 0, 0): 4}",1
GC06,CN-SNDDJ0CJ,410BMAIN,1199113-20,Y8470720R,2025-10-14,4.0,0,GC03,"{datetime.datetime(2025, 10, 1, 0, 0): 4}",1
GC06,NXR-G240,E153HMAIN,1198321-10,Y8470557RA,2025-09-11,,0,GT05,"{datetime.datetime(2025, 9, 29, 0, 0): 100}",1
GC06,NXR-G240,KUMQUAT MAIN,1198321-20,Y8470171R,2025-09-11,100.0,0,GT05,"{datetime.datetime(2025, 9, 29, 0, 0): 100}",1
GC06,NXR-G240,KUMQUAT MAIN,-10,Y8470171R,2025-11-05,100.0,0,GT05,"{datetime.datetime(2025, 9, 29, 0, 0): 100}",1
GC06,NXR-G240,KUMQUAT MAIN,-20,Y8470171R,2025-11-05,100.0,0,GT05,"{datetime.datetime(2025, 9, 29, 0, 0): 100}",1
GC06,NXR-G240/L,KUMQUAT MAIN,1197885-10,Y8470171R,2025-08-20,150.0,0,GT05,"{datetime.datetime(2025, 9, 29, 0, 0): 100}",1
GC06,NXR-G240/L,KUMQUAT MAIN,1197885-20,Y8470174R,2025-08-20,100.0,0,GT05,"{datetime.datetime(2025, 9, 29, 0, 0): 100}",1
GC06,NXR-G260,KUMQUAT MAIN,1193197-10,Y8470372R,2025-03-11,,0,GT05,"{datetime.datetime(2025, 9, 30, 0, 0): 40}",1
GC06,NXR-G260,LOQUAT MAIN,1193197-20,Y8470180R,2025-03-11,40.0,0,GT05,"{datetime.datetime(2025, 9, 30, 0, 0): 40}",1
GC06,NXR-G260/L,LOQUAT MAIN,1193505-10,Y8470180R,2025-04-17,40.0,0,GT05,"{datetime.datetime(2025, 10, 2, 0, 0): 70}",1
GC06,NXR-G260/L,LOQUAT MAIN,1193505-20,Y8470169R,2025-04-17,70.0,0,GT05,"{datetime.datetime(2025, 10, 2, 0, 0): 70}",1
GC06,CAM-009,LOQUAT MAIN,1198375-10,Y8470169R,2025-09-16,70.0,0,GC12,"{datetime.datetime(2025, 9, 29, 0, 0): 152}",8
GC06,CAM-009,CAM-009集合,1198377-10,Y8470133R,2025-09-22,152.0,0,GC12,"{datetime.datetime(2025, 9, 29, 0, 0): 160}",8
GC06,CAM-009,CAM-009集合,1198505-10,Y8470133R,2025-10-21,600.0,0,GC12,"{datetime.datetime(2025, 9, 29, 0, 0): 600}",8
GC06,CAM-009,CAM-009集合,1198507-10,Y8470133R,2025-10-24,600.0,0,GC12,"{datetime.datetime(2025, 9, 29, 0, 0): 600}",8
GC06,SP-300_MCU_FRONT,CAM-009集合,1198161-10,Y8470133R,2025-09-19,1200.0,0,GT19,"{datetime.datetime(2025, 9, 30, 0, 0): 10}",5
GC06,SP-300_MCU_FRONT,SW集合,1198161-20,Y8470800R,2025-09-19,10.0,0,GT19,"{datetime.datetime(2025, 9, 30, 0, 0): 10}",5
GC06,SP-300_MCU_CHASSIS,SW集合,1198152-10,Y8470800R,2025-09-19,10.0,0,GT19,"{datetime.datetime(2025, 9, 30, 0, 0): 10}",5
GC06,SP-300_MCU_CHASSIS,SEG集合,1198152-20,Y8470792R,2025-09-19,10.0,0,GT19,"{datetime.datetime(2025, 9, 30, 0, 0): 10}",5
GC06,SP-300_MCU_CHASSIS,SEG集合,1198154-10,Y8470792R,2025-09-19,10.0,0,GT19,"{datetime.datetime(2025, 9, 30, 0, 0): 10}",5
GC06,SP-300_MCU_CHASSIS,LED集合,1198154-20,Y8470794R,2025-09-19,10.0,0,GT19,"{datetime.datetime(2025, 9, 30, 0, 0): 10}",5
GC06,SP-300_MCU_CHASSIS,LED集合,1198145-10,Y8470794R,2025-09-19,10.0,0,GT19,"{datetime.datetime(2025, 9, 30, 0, 0): 10}",2
GC06,SP-300_MCU_CHASSIS,DGW集合,1198145-20,Y8470786R,2025-09-19,10.0,0,GT19,"{datetime.datetime(2025, 9, 30, 0, 0): 10}",2
GC06,SP-300_MCU_CHASSIS,DGW集合,1198149-10,Y8470786R,2025-09-19,10.0,0,GT19,"{datetime.datetime(2025, 9, 30, 0, 0): 10}",2
GC06,SP-300_MCU_CHASSIS,SEN集合,1198149-20,Y8470790R,2025-09-19,10.0,0,GT19,"{datetime.datetime(2025, 9, 30, 0, 0): 10}",2
GC06,SP-300_MCU_FRONT,SEN集合,1198163-10,Y8470790R,2025-09-19,10.0,0,GT19,"{datetime.datetime(2025, 9, 30, 0, 0): 10}",10
GC06,SP-300_MCU_FRONT,EN集合,1198157-10,Y8470802R,2025-09-19,10.0,0,GT19,"{datetime.datetime(2025, 9, 30, 0, 0): 10}",2
GC06,SP-300_MCU_FRONT,MA集合,1198157-20,Y8470796R,2025-09-19,10.0,0,GT19,"{datetime.datetime(2025, 9, 30, 0, 0): 10}",2
GC06,SP-300_MCU_FRONT,MA集合,1198159-10,Y8470796R,2025-09-19,10.0,0,GT19,"{datetime.datetime(2025, 9, 30, 0, 0): 10}",2
GC06,SP-300_MCU_FRONT,SB集合,1198159-20,Y8470798R,2025-09-19,10.0,0,GT19,"{datetime.datetime(2025, 9, 30, 0, 0): 10}",2
GC06,SP-300_MCU_CHASSIS,SB集合,1198143-10,Y8470798R,2025-09-19,10.0,0,GT19,"{datetime.datetime(2025, 9, 30, 0, 0): 10}",2
GC06,SP-300_MCU_CHASSIS,MO集合,1198143-20,Y8470784R,2025-09-19,10.0,0,GT19,"{datetime.datetime(2025, 9, 30, 0, 0): 10}",2
GC06,SP-300_MCU_CHASSIS,MO集合,1198147-10,Y8470784R,2025-09-19,10.0,0,GT19,"{datetime.datetime(2025, 9, 30, 0, 0): 10}",2
GC06,SP-300_MCU_CHASSIS,PO集合,1198147-20,Y8470788R,2025-09-19,10.0,0,GT19,"{datetime.datetime(2025, 9, 30, 0, 0): 10}",2
GC06,SP-300_MCU_CHASSIS,SEN集合,1199001-10,Y8470790R,2025-11-04,10.0,0,GT19,"{datetime.datetime(2025, 9, 29, 0, 0): 2}",2
GC06,SP-300_MCU_CHASSIS,SEN集合,1199001-20,Y8470790R,2025-11-04,2.0,0,GT19,"{datetime.datetime(2025, 9, 29, 0, 0): 2}",2
GC07,OPERATION_UNIT,KEY,1198685-20,Y8469973R,2025-09-29,100.0,0,GC25,"{datetime.datetime(2025, 9, 30, 0, 0): 100}",1
GC07,PCB-2503 EXTERNAL-IO BD,EXTERNAL-IO集合,1198687-10,Y8469970R,2025-09-29,100.0,0,GC25,"{datetime.datetime(2025, 9, 30, 0, 0): 100}",2
GC07,FH1816A0F,ﾘﾓｰﾄIO,1198903-10,Y8470088R,2025-10-02,11.0,0,GC18,"{datetime.datetime(2025, 10, 1, 0, 0): 11}",1
GC07,FH1816A0F,ﾘﾓｰﾄIO,1198903-20,Y8470088R,2025-10-02,11.0,0,GC18,"{datetime.datetime(2025, 10, 1, 0, 0): 11}",1
GC07,FH1578B0F,MAIN,1198888-10,Y8469896R,2025-10-02,240.0,0,GC18,"{datetime.datetime(2025, 10, 1, 0, 0): 240}",1
GC07,FH1578B0F,MAIN,1198888-20,Y8469896R,2025-10-02,240.0,0,GC18,"{datetime.datetime(2025, 10, 3, 0, 0): 240}",1
GC07,VCB-T5C4L,DCP-122Z集合,1198538-10,Y8470734R,2025-10-03,20.0,0,GT13,"{datetime.datetime(2025, 10, 3, 0, 0): 20}",20
GC07,VCB-T5C4L,DCP-122Z集合,1198819-10,Y8470734R,2025-10-03,1200.0,0,GT13,"{datetime.datetime(2025, 10, 3, 0, 0): 1200}",20
GC07,VCB-T2C4,DCP-122Z集合,1198821-10,Y8470730R,2025-10-03,1120.0,0,GT13,"{datetime.datetime(2025, 10, 3, 0, 0): 800, datetime.datetime(2025, 10, 6, 0, 0): 320}",20
GC07,VCB-T2C4,DCP-122Z集合,1198823-10,Y8470730R,2025-10-03,2600.0,0,GT13,"{datetime.datetime(2025, 10, 6, 0, 0): 2600}",20
GC07,VCB-T2C4,DCP-122Z集合,1198825-10,Y8470730R,2025-10-03,400.0,0,GT13,"{datetime.datetime(2025, 10, 6, 0, 0): 400}",20
GC07,VCB-T5C4L,DCP-122Z集合,1198538-20,Y8470734R,2025-10-03,20.0,0,GT13,"{datetime.datetime(2025, 10, 6, 0, 0): 20}",20
GC07,VCB-T5C4L,DCP-122Z集合,1198819-20,Y8470734R,2025-10-03,1200.0,0,GT13,"{datetime.datetime(2025, 10, 6, 0, 0): 1200}",20
GC07,VCB-T2C4,DCP-122Z集合,1198821-20,Y8470730R,2025-10-03,1120.0,0,GT13,"{datetime.datetime(2025, 10, 6, 0, 0): 600, datetime.datetime(2025, 10, 7, 0, 0): 520}",20
GC07,VCB-T2C4,DCP-122Z集合,1198823-20,Y8470730R,2025-10-03,2600.0,0,GT13,"{datetime.datetime(2025, 10, 7, 0, 0): 2600}",20
GC07,VCB-T2C4,DCP-122Z集合,1198825-20,Y8470730R,2025-10-03,400.0,0,GT13,"{datetime.datetime(2025, 10, 7, 0, 0): 400}",20
GC07,VCB-N3A4B,DCP-77Z集合,1198861-10,Y8470252RA,2025-10-06,480.0,0,GT13,"{datetime.datetime(2025, 10, 7, 0, 0): 480}",20
GC07,VCB-N3A4B,DCP-77Z集合,1198862-10,Y8470252RA,2025-10-06,480.0,0,GT13,"{datetime.datetime(2025, 10, 7, 0, 0): 480}",20
GC07,VCB-N3A4B,DCP-77Z集合,1198864-10,Y8470252RA,2025-10-06,1700.0,0,GT13,"{datetime.datetime(2025, 10, 7, 0, 0): 560, datetime.datetime(2025, 10, 8, 0, 0): 1140}",20
GC07,VCB-H3C8,DCP-77Z集合,1198863-10,Y8470432R,2025-10-06,600.0,0,GT13,"{datetime.datetime(2025, 10, 8, 0, 0): 600}",20
GC07,VCB-N3A4B,DCP-77Z集合,1198861-20,Y8470252RA,2025-10-06,480.0,0,GT13,"{datetime.datetime(2025, 10, 8, 0, 0): 480}",20
GC07,VCB-N3A4B,DCP-77Z集合,1198862-20,Y8470252RA,2025-10-06,480.0,0,GT13,"{datetime.datetime(2025, 10, 8, 0, 0): 480}",20
GC07,VCB-N3A4B,DCP-77Z集合,1198864-20,Y8470252RA,2025-10-06,1700.0,0,GT13,"{datetime.datetime(2025, 10, 8, 0, 0): 1700}",20
GC07,VCB-H3C8,DCP-77Z集合,1198863-20,Y8470432R,2025-10-06,600.0,0,GT13,"{datetime.datetime(2025, 10, 8, 0, 0): 600}",20
GC07,VCB-N3A4B,VPR-126Z集合,1198865-10,Y8470254RA,2025-10-06,480.0,0,GT13,"{datetime.datetime(2025, 10, 9, 0, 0): 480}",20
GC07,VCB-N3A4B,VPR-126Z集合,1198866-10,Y8470254RA,2025-10-06,480.0,0,GT13,"{datetime.datetime(2025, 10, 9, 0, 0): 480}",20
GC07,VCB-N3A4B,VPR-126Z集合,1199041-10,Y8470254RA,2025-10-06,80.0,0,GT13,"{datetime.datetime(2025, 10, 9, 0, 0): 80}",20
GC07,VCB-H3B7,VPR-126Z集合,1198869-10,Y8470705R,2025-10-06,2200.0,0,GT13,"{datetime.datetime(2025, 10, 9, 0, 0): 2200}",20
GC07,VCB-H3C8,VPR-126Z集合,1198868-10,Y8470434R,2025-10-06,600.0,0,GT13,"{datetime.datetime(2025, 10, 9, 0, 0): 500, datetime.datetime(2025, 10, 10, 0, 0): 100}",20
GC07,VCB-N3A4B,VPR-126Z集合,1198865-20,Y8470254RA,2025-10-06,480.0,0,GT13,"{datetime.datetime(2025, 10, 10, 0, 0): 480}",20
GC07,VCB-N3A4B,VPR-126Z集合,1198866-20,Y8470254RA,2025-10-06,480.0,0,GT13,"{datetime.datetime(2025, 10, 10, 0, 0): 480}",20
GC07,VCB-N3A4B,VPR-126Z集合,1199041-20,Y8470254RA,2025-10-06,80.0,0,GT13,"{datetime.datetime(2025, 10, 10, 0, 0): 80}",20
GC07,VCB-H3B7,VPR-126Z集合,1198869-20,Y8470705R,2025-10-06,2200.0,0,GT13,"{datetime.datetime(2025, 10, 10, 0, 0): 2200}",20
GC07,VCB-H3C8,VPR-126Z集合,1198868-20,Y8470434R,2025-10-06,600.0,0,GT13,"{datetime.datetime(2025, 10, 10, 0, 0): 600}",20
GC07,FH1816A0F,ﾘﾓｰﾄIO,1198906-10,Y8470088R,2025-10-09,34.0,0,GC18,"{datetime.datetime(2025, 10, 14, 0, 0): 34}",1
GC07,FH1816A0F,ﾘﾓｰﾄIO,1198906-20,Y8470088R,2025-10-09,34.0,0,GC18,"{datetime.datetime(2025, 10, 14, 0, 0): 34}",1
GC07,FH2223,FH2223基板,1198883-10,Y8470561R,2025-10-14,120.0,0,GC18,"{datetime.datetime(2025, 10, 14, 0, 0): 120}",1
GC07,FH2223,FH2223基板,1198883-20,Y8470561R,2025-10-14,120.0,0,GC18,"{datetime.datetime(2025, 10, 14, 0, 0): 25, datetime.datetime(2025, 10, 15, 0, 0): 95}",1
GC07,FH2338,FH2338集合,1198921-10,Y8470766R,2025-10-15,240.0,0,GC18,"{datetime.datetime(2025, 10, 15, 0, 0): 240}",4
GC07,FH2338,FH2338集合,1198923-10,Y8470766R,2025-10-15,240.0,0,GC18,"{datetime.datetime(2025, 10, 15, 0, 0): 240}",4
GC07,FH1433B1F,MAIN集合,1198908-10,Y8469893R,2025-10-15,72.0,0,GC18,"{datetime.datetime(2025, 10, 15, 0, 0): 72}",1
GC07,FH1578B0F,MAIN,1198896-10,Y8469896R,2025-10-16,320.0,0,GC18,"{datetime.datetime(2025, 10, 15, 0, 0): 320}",1
GC07,FH1578B0F,MAIN,1198896-20,Y8469896R,2025-10-16,320.0,0,GC18,"{datetime.datetime(2025, 10, 16, 0, 0): 320}",1
GC07,VCB-N3A4B,DCP-77Z集合,1198867-10,Y8470252RA,2025-10-17,7900.0,0,GT13,"{datetime.datetime(2025, 10, 16, 0, 0): 400, datetime.datetime(2025, 10, 17, 0, 0): 7500}",20
GC07,VCB-N3A4B,DCP-77Z集合,1199040-10,Y8470252RA,2025-10-17,200.0,0,GT13,"{datetime.datetime(2025, 10, 17, 0, 0): 200}",20
GC07,VCB-N3A4B,DCP-77Z集合,1198867-20,Y8470252RA,2025-10-17,7900.0,0,GT13,"{datetime.datetime(2025, 10, 18, 0, 0): 7900}",20
GC07,VCB-N3A4B,DCP-77Z集合,1199040-20,Y8470252RA,2025-10-17,200.0,0,GT13,"{datetime.datetime(2025, 10, 18, 0, 0): 200}",20
GC07,FH1578B0F,MAIN,-10,Y8469896R,2025-11-05,320.0,0,GC18,"{datetime.datetime(2025, 9, 26, 0, 0): 'GC18', datetime.datetime(2025, 9, 27, 0, 0): 'GC06', datetime.datetime(2025, 10, 1, 0, 0): 240}",1
GC07,FH1578B0F,MAIN,-20,Y8469896R,2025-11-05,240.0,0,GC18,"{datetime.datetime(2025, 9, 26, 0, 0): 'GC18', datetime.datetime(2025, 9, 27, 0, 0): 'GC06', datetime.datetime(2025, 10, 1, 0, 0): 240}",1
GC07,FH2223,MAIN,1198221-10,Y8469896R,2025-09-08,60.0,0,GC18,"{datetime.datetime(2025, 9, 29, 0, 0): 180}",1
GC07,FH2223,FH2223基板,1198221-20,Y8470561R,2025-09-08,180.0,0,GC18,"{datetime.datetime(2025, 9, 29, 0, 0): 180}",1
GC07,FH2388,FH2388基板,1167363-10,Y8470738R,2023-01-10,,0,GC18,"{datetime.datetime(2025, 9, 29, 0, 0): 4}",1
GC07,FH2388,FH2388基板,1167363-20,Y8470629R,2023-01-10,4.0,0,GC18,"{datetime.datetime(2025, 9, 29, 0, 0): 4}",1
GC07,PCB-2502 POWER-SW BD,LCD集合,1198003-10,Y8470627R,2025-09-02,100.0,0,GC25,"{datetime.datetime(2025, 9, 30, 0, 0): 100}",4
GC07,PCB-2502 POWER-SW BD,POWER-SW集合,1198003-20,Y8469968R,2025-09-02,100.0,0,GC25,"{datetime.datetime(2025, 9, 30, 0, 0): 100}",4
GC07,OPERATION_UNIT,EXTERNAL-IO集合,1198685-10,Y8469970R,2025-09-29,100.0,0,GC25,"{datetime.datetime(2025, 9, 30, 0, 0): 100}",1
GC07,FH1230B2F,INPUT-BOX,1198216-10,Y8469971R,2025-09-17,193.0,0,GC18,"{datetime.datetime(2025, 10, 1, 0, 0): 360}",10
GC07,FH1230B2F,MAIN集合,1198216-20,Y8469901R,2025-09-17,360.0,0,GC18,"{datetime.datetime(2025, 10, 1, 0, 0): 360}",10
GC07,FH1433B1F,MAIN,1198212-10,Y8469928R,2025-09-11,,0,GC18,"{datetime.datetime(2025, 10, 1, 0, 0): 80, datetime.datetime(2025, 10, 11, 0, 0): '1枚LEDフレキ基板\u3000MT：挿しなし'}",1
GC07,FH1436B3F,MAIN集合,1198215-10,Y8469898R,2025-09-17,30.0,0,GC18,"{datetime.datetime(2025, 10, 3, 0, 0): 60}",2
GC07,FH1436B3F,MAIN集合,1198215-20,Y8469899R,2025-09-17,60.0,0,GC18,"{datetime.datetime(2025, 10, 3, 0, 0): 60}",2
GC07,FH1502D0F,MAIN集合,1198392-10,Y8469899R,2025-09-16,60.0,0,GC18,"{datetime.datetime(2025, 10, 1, 0, 0): 60}",2
GC07,FH1502D0F,MAIN集合,1198392-20,Y8469922R,2025-09-16,60.0,0,GC18,"{datetime.datetime(2025, 10, 1, 0, 0): 60}",2
GC07,FH1502D0F,MAIN集合,1198911-10,Y8469922R,2025-09-22,60.0,0,GC18,"{datetime.datetime(2025, 10, 1, 0, 0): 60}",2
GC07,FH1502D0F,MAIN集合,1198911-20,Y8469922R,2025-09-22,60.0,0,GC18,"{datetime.datetime(2025, 10, 1, 0, 0): 60}",2
GC07,FH1502D0F,MAIN集合,1198914-10,Y8469922R,2025-10-23,60.0,0,GC18,"{datetime.datetime(2025, 10, 1, 0, 0): 120}",2
GC07,FH1502D0F,MAIN集合,1198914-20,Y8469922R,2025-10-23,120.0,0,GC18,"{datetime.datetime(2025, 10, 1, 0, 0): 120}",2
GC07,FH1816A0F,MAIN,1198210-10,Y8469943R,2025-09-11,,0,GC18,"{datetime.datetime(2025, 10, 1, 0, 0): 25}",1
GC07,FH1816A0F,ﾘﾓｰﾄIO,1198210-20,Y8470088R,2025-09-11,25.0,0,GC18,"{datetime.datetime(2025, 10, 1, 0, 0): 25}",1
GC07,FH1929A0F,MAIN集合,1189854-10,Y8470380R,2024-11-06,,0,GC18,"{datetime.datetime(2025, 10, 1, 0, 0): 270}",5
GC07,FH1929A0F,MAIN集合,1189854-20,Y8470156R,2024-11-06,270.0,0,GC18,"{datetime.datetime(2025, 10, 1, 0, 0): 270}",5
GC07,FH2338,LED集合,1197836-10,Y8470625R,2025-09-10,7.0,0,GC18,"{datetime.datetime(2025, 10, 1, 0, 0): 360}",4
GC07,FH2338,FH2338集合,1198454-10,Y8470766R,2025-09-19,360.0,0,GC18,"{datetime.datetime(2025, 10, 1, 0, 0): 280}",4
GC07,PLUM CPU,FH2338集合,1197607-10,Y8470766R,2025-07-22,667.0,0,GC07,"{datetime.datetime(2025, 9, 30, 0, 0): 4}",2
GC07,PLUM CPU,PLUM-MA集合,1197607-20,Y8469848R,2025-07-22,4.0,0,GC07,"{datetime.datetime(2025, 9, 30, 0, 0): 4}",2
GC07,XGMU-SNMP(FULL),MAIN集合,1197029-10,Y8470193R,2025-09-09,,0,GC02,"{datetime.datetime(2025, 9, 28, 0, 0): 40}",1
GC07,XGMU-SNMP(FULL),MAIN,1197029-20,Y8469622M,2025-09-09,40.0,0,GC02,"{datetime.datetime(2025, 9, 28, 0, 0): 40}",1
GC07,VCB-N3A4B,MAIN,1197267-10,Y8469622M,2025-09-08,20.0,0,GT13,"{datetime.datetime(2025, 9, 28, 0, 0): 100}",20
GC07,VCB-N3A4B,DCP-77Z集合,1197267-20,Y8470252RA,2025-09-08,100.0,0,GT13,"{datetime.datetime(2025, 9, 28, 0, 0): 100}",20
GC07,VCB-N3A4B,DCP-77Z集合,1198282-10,Y8470252RA,2025-09-08,100.0,0,GT13,"{datetime.datetime(2025, 9, 28, 0, 0): 20}",20
GC07,VCB-N3A4B,DCP-77Z集合,1198282-20,Y8470252RA,2025-09-08,20.0,0,GT13,"{datetime.datetime(2025, 9, 28, 0, 0): 20}",20
GC07,VCB-N3A4B,DCP-77Z集合,1198328-10,Y8470252RA,2025-09-08,20.0,0,GT13,"{datetime.datetime(2025, 9, 28, 0, 0): 2760}",20
GC07,VCB-N3A4B,DCP-77Z集合,1198328-20,Y8470252RA,2025-09-08,2760.0,0,GT13,"{datetime.datetime(2025, 9, 28, 0, 0): 2760}",20
GC07,VCB-N3A4B,DCP-77Z集合,1198337-10,Y8470252RA,2025-09-08,2760.0,0,GT13,"{datetime.datetime(2025, 9, 28, 0, 0): 2400}",20
GC07,VCB-N3A4B,DCP-77Z集合,1198337-20,Y8470252RA,2025-09-08,2400.0,0,GT13,"{datetime.datetime(2025, 9, 28, 0, 0): 2400}",20
GC07,VCB-N3A4B,DCP-77Z集合,1198620-10,Y8470252RA,2025-10-31,200.0,0,GT13,"{datetime.datetime(2025, 9, 28, 0, 0): 100}",20
GC07,VCB-N3A4B,DCP-77Z集合,1198620-20,Y8470252RA,2025-10-31,100.0,0,GT13,"{datetime.datetime(2025, 9, 28, 0, 0): 100}",20
GC07,VCB-H3C8,DCP-77Z集合,1197717-10,Y8470252RA,2025-08-05,4800.0,0,GT13,"{datetime.datetime(2025, 9, 29, 0, 0): 600}",20
GC07,VCB-H3C8,DCP-77Z集合,1197717-20,Y8470432R,2025-08-05,600.0,0,GT13,"{datetime.datetime(2025, 9, 29, 0, 0): 600}",20
GC07,VCB-H3C8,DCP-77Z集合,1197718-10,Y8470432R,2025-08-05,600.0,0,GT13,"{datetime.datetime(2025, 9, 29, 0, 0): 600}",20
GC07,VCB-H3C8,VPR-126Z集合,1197718-20,Y8470434R,2025-08-05,600.0,0,GT13,"{datetime.datetime(2025, 9, 29, 0, 0): 600}",20
GC07,VCB-N3A4B,VPR-126Z集合,1198329-10,Y8470434R,2025-09-10,,0,GT13,"{datetime.datetime(2025, 9, 29, 0, 0): 2760}",20
GC07,VCB-N3A4B,VPR-126Z集合,1198329-20,Y8470254RA,2025-09-10,2760.0,0,GT13,"{datetime.datetime(2025, 9, 29, 0, 0): 2760}",20
GC07,VCB-H3B7,VPR-126Z集合,1197268-10,Y8470254RA,2025-09-10,400.0,0,GT13,"{datetime.datetime(2025, 10, 1, 0, 0): 100}",20
GC07,VCB-H3B7,VPR-126Z集合,1197268-20,Y8470705R,2025-09-10,100.0,0,GT13,"{datetime.datetime(2025, 10, 1, 0, 0): 100}",20
GC07,VCB-H3B7,VPR-126Z集合,1198331-10,Y8470705R,2025-09-10,100.0,0,GT13,"{datetime.datetime(2025, 10, 1, 0, 0): 2400}",20
GC07,VCB-H3B7,VPR-126Z集合,1198331-20,Y8470705R,2025-09-10,2400.0,0,GT13,"{datetime.datetime(2025, 10, 1, 0, 0): 2400}",20
GC07,VCB-H3B7,VPR-126Z集合,1198870-10,Y8470705R,2025-10-23,2200.0,0,GT13,"{datetime.datetime(2025, 9, 29, 0, 0): 6300}",20
GC07,VCB-H3B7,VPR-126Z集合,1198870-20,Y8470705R,2025-10-23,6300.0,0,GT13,"{datetime.datetime(2025, 9, 29, 0, 0): 6300}",20
GC07,VCB-H3B7,VPR-126Z集合,1198871-10,Y8470705R,2025-10-31,6300.0,0,GT13,"{datetime.datetime(2025, 9, 29, 0, 0): 1100}",20
GC07,VCB-H3B7,VPR-126Z集合,1198871-20,Y8470705R,2025-10-31,1100.0,0,GT13,"{datetime.datetime(2025, 9, 29, 0, 0): 1100}",20
GC07,VCB-H3B7,VPR-126Z集合,1198621-10,Y8470705R,2025-10-31,1100.0,0,GT13,"{datetime.datetime(2025, 9, 29, 0, 0): 100}",20
GC07,VCB-H3B7,VPR-126Z集合,1198621-20,Y8470705R,2025-10-31,100.0,0,GT13,"{datetime.datetime(2025, 9, 29, 0, 0): 100}",20
GC07,VCB-T2C4,DCP-122Z集合,1198857-10,Y8470730R,2025-10-30,400.0,0,GT13,"{datetime.datetime(2025, 9, 29, 0, 0): 1440}",20
GC07,VCB-T2C4,DCP-122Z集合,1198857-20,Y8470730R,2025-10-30,1440.0,0,GT13,"{datetime.datetime(2025, 9, 29, 0, 0): 1440}",20
GC07,VCB-T2C4,DCP-122Z集合,1198858-10,Y8470730R,2025-10-30,1440.0,0,GT13,"{datetime.datetime(2025, 9, 29, 0, 0): 900}",20
GC07,VCB-T2C4,DCP-122Z集合,1198858-20,Y8470730R,2025-10-30,900.0,0,GT13,"{datetime.datetime(2025, 9, 29, 0, 0): 900}",20
GC07,VCB-T2C4,DCP-122Z集合,1198859-10,Y8470730R,2025-10-30,900.0,0,GT13,"{datetime.datetime(2025, 9, 29, 0, 0): 2600}",20
GC07,VCB-T2C4,DCP-122Z集合,1198859-20,Y8470730R,2025-10-30,2600.0,0,GT13,"{datetime.datetime(2025, 9, 29, 0, 0): 2600}",20
GC07,VCB-T5C4F,DCP-122Z集合,1198950-10,Y8470730R,2025-09-19,3960.0,0,GT13,"{datetime.datetime(2025, 10, 3, 0, 0): 700}",20
GC07,VCB-T5C4F,DCP-122Z集合,1198950-20,Y8470732R,2025-09-19,700.0,0,GT13,"{datetime.datetime(2025, 10, 3, 0, 0): 700}",20
GC07,VCB-T5C4F,DCP-122Z集合,1199004-10,Y8470732R,2025-10-30,700.0,0,GT13,"{datetime.datetime(2025, 9, 29, 0, 0): 100}",20
GC07,VCB-T5C4F,DCP-122Z集合,1199004-20,Y8470732R,2025-10-30,100.0,0,GT13,"{datetime.datetime(2025, 9, 29, 0, 0): 100}",20
GC07,VCB-T5C4F,DCP-122Z集合,1198854-10,Y8470732R,2025-10-30,100.0,0,GT13,"{datetime.datetime(2025, 9, 29, 0, 0): 2560}",20
GC07,VCB-T5C4F,DCP-122Z集合,1198854-20,Y8470732R,2025-10-30,2560.0,0,GT13,"{datetime.datetime(2025, 9, 29, 0, 0): 2560}",20
GC07,VCB-T5C4F,DCP-122Z集合,1198855-10,Y8470732R,2025-10-30,2560.0,0,GT13,"{datetime.datetime(2025, 9, 29, 0, 0): 2400}",20
GC07,VCB-T5C4F,DCP-122Z集合,1198855-20,Y8470732R,2025-10-30,2400.0,0,GT13,"{datetime.datetime(2025, 9, 29, 0, 0): 2400}",20
GC07,VCB-T5C4F,DCP-122Z集合,1198856-10,Y8470732R,2025-10-30,2400.0,0,GT13,"{datetime.datetime(2025, 9, 29, 0, 0): 300}",20
GC07,VCB-T5C4F,DCP-122Z集合,1198856-20,Y8470732R,2025-10-30,300.0,0,GT13,"{datetime.datetime(2025, 9, 29, 0, 0): 300}",20
GC07,VCB-T5C4L,DCP-122Z集合,1198951-10,Y8470732R,2025-09-19,300.0,0,GT13,"{datetime.datetime(2025, 10, 3, 0, 0): 600}",20
GC07,VCB-T5C4L,DCP-122Z集合,1198951-20,Y8470734R,2025-09-19,600.0,0,GT13,"{datetime.datetime(2025, 10, 3, 0, 0): 600}",20
GC07,VCB-T5C4L,DCP-122Z集合,1198850-10,Y8470734R,2025-10-30,1200.0,0,GT13,"{datetime.datetime(2025, 9, 29, 0, 0): 1800}",20
GC07,VCB-T5C4L,DCP-122Z集合,1198850-20,Y8470734R,2025-10-30,1800.0,0,GT13,"{datetime.datetime(2025, 9, 29, 0, 0): 1800}",20
GC07,VCB-T5C4L,DCP-122Z集合,1198851-10,Y8470734R,2025-10-30,1800.0,0,GT13,"{datetime.datetime(2025, 9, 29, 0, 0): 2400}",20
GC07,VCB-T5C4L,DCP-122Z集合,1198851-20,Y8470734R,2025-10-30,2400.0,0,GT13,"{datetime.datetime(2025, 9, 29, 0, 0): 2400}",20
GC07,VCB-T5C4L,DCP-122Z集合,1198852-10,Y8470734R,2025-10-30,2400.0,0,GT13,"{datetime.datetime(2025, 9, 29, 0, 0): 300}",20
GC07,VCB-T5C4L,DCP-122Z集合,1198852-20,Y8470734R,2025-10-30,300.0,0,GT13,"{datetime.datetime(2025, 9, 29, 0, 0): 300}",20
GC07,VCB-T5C4L,DCP-122Z集合,1198853-10,Y8470734R,2025-10-30,300.0,0,GT13,"{datetime.datetime(2025, 9, 29, 0, 0): 300}",20
GC07,VCB-T5C4L,DCP-122Z集合,1198853-20,Y8470734R,2025-10-30,300.0,0,GT13,"{datetime.datetime(2025, 9, 29, 0, 0): 300}",20
GC07,VCB-H761B,DCP-122Z集合,1198099-10,Y8470736R,2026-01-08,,0,GT15,"{datetime.datetime(2025, 9, 30, 0, 0): 384}",16
GC07,VCB-H761B,DCP-137Z集合,1198099-20,Y8470833R,2026-01-08,384.0,0,GT15,"{datetime.datetime(2025, 9, 30, 0, 0): 384}",16
GC07,VCB-H761B,DCP-137Z集合,1198100-10,Y8470833R,2026-01-08,384.0,0,GT15,"{datetime.datetime(2025, 9, 30, 0, 0): 384}",16
GC07,VCB-H761B,PS-977Z集合,1198100-20,Y8470835R,2026-01-08,384.0,0,GT15,"{datetime.datetime(2025, 9, 30, 0, 0): 384}",16
GC08,CM-C0370,MAIN集合,1198487-10,Y8470358R,2025-10-02,240.0,0,GT08,"{datetime.datetime(2025, 10, 2, 0, 0): 240}",1
GC08,CM-C0370,MAIN集合,1198487-20,Y8470358R,2025-10-02,240.0,0,GT08,"{datetime.datetime(2025, 10, 2, 0, 0): 15, datetime.datetime(2025, 10, 3, 0, 0): 192, datetime.datetime(2025, 10, 6, 0, 0): 33}",1
GC08,CM-C0370,CONNECT集合,1198489-10,Y8470360R,2025-10-02,240.0,0,GT08,"{datetime.datetime(2025, 10, 6, 0, 0): 240}",2
GC08,MA-E350/2L#NSTG,AMM574-2SIM集合,1198480-10,Y8470707R,2025-10-03,200.0,0,GC07,"{datetime.datetime(2025, 10, 6, 0, 0): 200}",2
GC08,MA-E350/2L#NSTG,AMM574-2SIM集合,1198480-20,Y8470707R,2025-10-03,200.0,0,GC07,"{datetime.datetime(2025, 10, 6, 0, 0): 15, datetime.datetime(2025, 10, 7, 0, 0): 185}",2
GC08,2EGTKA000300,DV集合,1198497-10,Y8469493M,2025-10-02,172.0,0,GT11,"{datetime.datetime(2025, 10, 7, 0, 0): 172}",4
GC08,2EGTKA000300,DV集合,1198497-20,Y8469493M,2025-10-02,172.0,0,GT11,"{datetime.datetime(2025, 10, 7, 0, 0): 172}",4
GC08,MA-E355/L REV2(SA-M1),AMM574-LTE集合,1198632-10,Y8470709R,2025-10-06,100.0,0,GC07,"{datetime.datetime(2025, 10, 8, 0, 0): 100}",2
GC08,MA-E355/L REV2(SA-M1),AMM574-LTE集合,1198644-10,Y8470709R,2025-10-06,300.0,0,GC07,"{datetime.datetime(2025, 10, 8, 0, 0): 300}",2
GC08,MA-E355/L REV2(SA-M1),AMM574-LTE集合,1198632-20,Y8470709R,2025-10-06,100.0,0,GC07,"{datetime.datetime(2025, 10, 8, 0, 0): 100}",2
GC08,MA-E355/L REV2(SA-M1),AMM574-LTE集合,1198644-20,Y8470709R,2025-10-06,300.0,0,GC07,"{datetime.datetime(2025, 10, 8, 0, 0): 300}",2
GC08,CM-C0370,MAIN集合,1198492-10,Y8470358R,2025-10-08,260.0,0,GT08,"{datetime.datetime(2025, 10, 9, 0, 0): 260}",1
GC08,CM-C0370,MAIN集合,1198492-20,Y8470358R,2025-10-08,260.0,0,GT08,"{datetime.datetime(2025, 10, 10, 0, 0): 192, datetime.datetime(2025, 10, 14, 0, 0): 68}",1
GC08,CM-C0370,CONNECT集合,1198494-10,Y8470360R,2025-10-08,260.0,0,GT08,"{datetime.datetime(2025, 10, 14, 0, 0): 260}",2
GC08,2EGTKA000300,DV集合,1197643-10,Y8469493M,2025-09-08,148.0,0,GT11,"{datetime.datetime(2025, 9, 29, 0, 0): 148}",4
GC08,2EGTKA000300,DV集合,1197643-20,Y8469493M,2025-09-08,148.0,0,GT11,"{datetime.datetime(2025, 9, 29, 0, 0): 148}",4
GC08,2EGTKA000300,DV集合,-10,Y8469493M,2025-10-27,172.0,0,GT11,"{datetime.datetime(2025, 9, 29, 0, 0): 68}",4
GC08,2EGTKA000300,DV集合,-20,Y8469493M,2025-10-27,68.0,0,GT11,"{datetime.datetime(2025, 9, 29, 0, 0): 68}",4
GC08,AJ53200,DV集合,1195810-10,Y8469493M,2025-06-03,180.0,0,GT12,"{datetime.datetime(2025, 9, 29, 0, 0): 40}",2
GC08,AJ53200,SW集合,1195810-20,Y8468484M,2025-06-03,40.0,0,GT12,"{datetime.datetime(2025, 9, 29, 0, 0): 40}",2
GC08,347-1774-000,DV2集合,1195317-10,Y8469497M,2025-04-23,168.0,0,GT14,"{datetime.datetime(2025, 9, 30, 0, 0): 150}",2
GC08,347-1774-000,BASE集合,1195317-20,Y8469280R,2025-04-23,150.0,0,GT14,"{datetime.datetime(2025, 9, 30, 0, 0): 150}",2
GC08,DK-13004,BASE集合,1196177-10,Y8469280R,2025-06-04,150.0,0,GC04,"{datetime.datetime(2025, 9, 30, 0, 0): 20}",2
GC08,DK-13004,PO集合,1196178-10,Y8469667R,2025-06-04,20.0,0,GC04,"{datetime.datetime(2025, 9, 30, 0, 0): 580}",2
GC08,EAA0739,IF集合,1189453-10,Y8470523R,2024-10-02,,0,GT09,"{datetime.datetime(2025, 9, 30, 0, 0): 410}",4
GC08,EAA0739,MAIN集合,1189453-20,Y8469534R,2024-10-02,410.0,0,GT09,"{datetime.datetime(2025, 9, 30, 0, 0): 410}",4
GC08,EAA0774,MAIN集合,1194569-10,Y8469534R,2025-04-02,410.0,0,GT23,"{datetime.datetime(2025, 9, 30, 0, 0): 180}",4
GC08,EAA0774,MAIN集合,1194569-20,Y8469768R,2025-04-02,180.0,0,GT23,"{datetime.datetime(2025, 9, 30, 0, 0): 180}",4
GC08,GPS-M2,FW-T集合,1190446-10,Y8469800R,2024-11-01,300.0,0,GT04,"{datetime.datetime(2025, 9, 29, 0, 0): 100}",4
GC08,GPS-M2,MAIN-GPS集合,1190446-20,Y8470028R,2024-11-01,100.0,0,GT04,"{datetime.datetime(2025, 9, 29, 0, 0): 100}",4
GC08,IU-005C,MAIN-GPS集合,1187490-10,Y8470028R,2024-08-05,100.0,0,GC10,"{datetime.datetime(2025, 9, 29, 0, 0): 300}",2
GC08,IU-005C,MAIN集合,1187490-20,Y8469643RA,2024-08-05,300.0,0,GC10,"{datetime.datetime(2025, 9, 29, 0, 0): 300}",2
GC08,XC-420A,MAIN集合,1189455-10,Y8469643RA,2024-10-10,300.0,0,GT21,"{datetime.datetime(2025, 9, 30, 0, 0): 96}",10
GC08,XC-420A,MAIN集合,1189455-20,Y8469817R,2024-10-10,96.0,0,GT21,"{datetime.datetime(2025, 9, 30, 0, 0): 96}",10
GC08,347-1082-000,MAIN集合,1186542-10,Y8469817R,2024-06-04,96.0,0,GT14,"{datetime.datetime(2025, 9, 30, 0, 0): 50}",2
GC08,347-1082-000,BA集合,1186542-20,Y8468762M,2024-06-04,50.0,0,GT14,"{datetime.datetime(2025, 9, 30, 0, 0): 50}",2
GC08,MA-E325/D-16#TKW,MAIN集合,1191156-10,Y8469548R,2024-01-09,100.0,0,GC07,"{datetime.datetime(2025, 9, 30, 0, 0): 150}",1
GC08,MA-E325/D-16#TKW,U_IO SSD基板,1191156-20,Y8470809R,2024-01-09,150.0,0,GC07,"{datetime.datetime(2025, 9, 30, 0, 0): 150}",1
GC08,MA-E350/LAD,U_IO SSD基板,1189340-10,Y8470809R,2024-10-03,150.0,0,GC07,"{datetime.datetime(2025, 9, 30, 0, 0): 100}",2
GC08,MA-E350/LAD,M2ADP,1189340-20,Y8470342R,2024-10-03,100.0,0,GC07,"{datetime.datetime(2025, 9, 30, 0, 0): 100}",2
GC08,MA-E350/NLAD,M2ADP,1189338-10,Y8470342R,2024-10-03,100.0,0,GC07,"{datetime.datetime(2025, 9, 30, 0, 0): 100}",2
GC08,MA-E350/NLAD,UM03集合,1189338-20,Y8469934R,2024-10-03,100.0,0,GC07,"{datetime.datetime(2025, 9, 30, 0, 0): 100}",2
GC08,MA-E350/LAD REV2#ECOMOTT,UM03集合,1197949-10,Y8469934R,2025-09-08,100.0,0,GC07,"{datetime.datetime(2025, 9, 30, 0, 0): 100}",2
GC08,MA-E350/LAD REV2#ECOMOTT,AMM574-AD集合,1197949-20,Y8470711R,2025-09-08,100.0,0,GC07,"{datetime.datetime(2025, 9, 30, 0, 0): 100}",2
GC08,MA-E350/LAD REV2#ECOMOTT,AMM574-AD集合,1198457-10,Y8470711R,2025-09-19,100.0,0,GC07,"{datetime.datetime(2025, 9, 30, 0, 0): 100}",2
GC08,MA-E350/LAD REV2#ECOMOTT,AMM574-AD集合,1198457-20,Y8470711R,2025-09-19,100.0,0,GC07,"{datetime.datetime(2025, 9, 30, 0, 0): 100}",2
GC08,MA-E350/LAD-40,AMM574-AD集合,1189441-10,Y8470711R,2024-10-30,100.0,0,GC07,"{datetime.datetime(2025, 9, 30, 0, 0): 50}",1
GC08,MA-E350/LAD-40,I,1189441-20,Y8470426R,2024-10-30,50.0,0,GC07,"{datetime.datetime(2025, 9, 30, 0, 0): 50}",1
GC08,MA-E350/2L#NSTG,I,1198460-10,Y8470426R,2025-09-25,50.0,0,GC07,"{datetime.datetime(2025, 9, 30, 0, 0): 200}",2
GC08,MA-E350/2L#NSTG,AMM574-2SIM集合,1198460-20,Y8470707R,2025-09-25,200.0,0,GC07,"{datetime.datetime(2025, 9, 30, 0, 0): 200}",2
GC08,MA-E350/LAD-36,AMM574-2SIM集合,1197888-10,Y8470707R,2025-08-22,200.0,0,GC07,"{datetime.datetime(2025, 9, 30, 0, 0): 100}",1
GC08,MA-E350/LAD-36,I,1197888-20,Y8470424R,2025-08-22,100.0,0,GC07,"{datetime.datetime(2025, 9, 30, 0, 0): 100}",1
GC08,NXR-G100/L,P_REDPINE_W集合,1194192-10,Y8470638R,2025-04-15,100.0,0,GC07,"{datetime.datetime(2025, 9, 30, 0, 0): 100}",2
GC08,NXR-G100/L,PL集合,1194192-20,Y8470188R,2025-04-15,100.0,0,GC07,"{datetime.datetime(2025, 9, 30, 0, 0): 100}",2
GC08,NXR-G120/L,PL集合,1193429-10,Y8470510R,2025-03-04,,0,GC07,"{datetime.datetime(2025, 9, 30, 0, 0): 150}",2
GC08,NXR-G120/L,AMM574-2SIM集合,1193429-20,Y8470742R,2025-03-04,150.0,0,GC07,"{datetime.datetime(2025, 9, 30, 0, 0): 150}",2
GC08,NXR-G110/L-CA REV2,AMM574-2SIM集合,1195806-10,Y8470742R,2025-06-23,150.0,0,GC07,"{datetime.datetime(2025, 9, 30, 0, 0): 80}",2
GC08,NXR-G110/L-CA REV2,AMM574-LTE集合,1195806-20,Y8470803R,2025-06-23,80.0,0,GC07,"{datetime.datetime(2025, 9, 30, 0, 0): 80}",2
GC08,NXR-G110/L-CA REV2,AMM574-LTE集合,1197331-10,Y8470803R,2025-07-28,80.0,0,GC07,"{datetime.datetime(2025, 9, 30, 0, 0): 220}",2
GC08,NXR-G110/L-CA REV2,AMM574-LTE集合,1197331-20,Y8470803R,2025-07-28,220.0,0,GC07,"{datetime.datetime(2025, 9, 30, 0, 0): 220}",2
GC08,MA-E320/D-16 REV2,PL_KYM_AD集合,1194882-10,Y8470264R,2025-05-08,,0,GC07,"{datetime.datetime(2025, 10, 1, 0, 0): 100}",1
GC08,MA-E320/D-16 REV2,U_IO SSD基板,1194882-20,Y8470376R,2025-05-08,100.0,0,GC07,"{datetime.datetime(2025, 10, 1, 0, 0): 100}",1
GC08,MA-E355/L REV2(SA-M1),U_IO SSD基板,1198262-10,Y8470376R,2025-09-09,100.0,0,GC07,"{datetime.datetime(2025, 9, 30, 0, 0): 100}",2
GC08,MA-E355/L REV2(SA-M1),AMM574-LTE集合,1198262-20,Y8470709R,2025-09-09,100.0,0,GC07,"{datetime.datetime(2025, 9, 30, 0, 0): 100}",2
GC08,IP-K100/L,AMM574-LTE集合,1190996-10,Y8470709R,2024-12-04,200.0,0,GC07,"{datetime.datetime(2025, 9, 30, 0, 0): 100}",1
GC08,IP-K100/L,OP,1190996-20,Y8470807R,2024-12-04,100.0,0,GC07,"{datetime.datetime(2025, 9, 30, 0, 0): 100}",1
GC08,MA-E380/L,OP,1194051-10,Y8470807R,2025-04-02,100.0,0,GC07,"{datetime.datetime(2025, 9, 30, 0, 0): 50}",1
GC08,MA-E380/L,OP,1194051-20,Y8470489R,2025-04-02,50.0,0,GC07,"{datetime.datetime(2025, 9, 30, 0, 0): 50}",1
GC09,CN-SNDFJ0CJ,770AMAIN,1198755-20,Y8470811R,2025-09-24,160.0,0,GC03,"{datetime.datetime(2025, 9, 26, 0, 0): 160}",1
GC09,CN-SNDFJ0CJ,770AMAIN,1198756-20,Y8470811R,2025-09-24,320.0,0,GC03,"{datetime.datetime(2025, 9, 26, 0, 0): 320}",1
GC09,CN-SNDFJ0CJ,770AMAIN,1198955-20,Y8470811R,2025-09-26,480.0,0,GC03,"{datetime.datetime(2025, 9, 26, 0, 0): 45, datetime.datetime(2025, 9, 29, 0, 0): 435}",1
GC09,AAE004547-CAA,MAIN集合,1198880-10,Y8470680R,2025-09-25,1800.0,0,GC09,"{datetime.datetime(2025, 9, 29, 0, 0): 1800}",6
GC09,AAE004547-CAA,MAIN集合,1199009-10,Y8470680R,2025-09-26,1800.0,0,GC09,"{datetime.datetime(2025, 9, 29, 0, 0): 1140, datetime.datetime(2025, 9, 30, 0, 0): 660}",6
GC09,AAE004547-CAA,MAIN集合,1199010-10,Y8470680R,2025-09-26,1800.0,0,GC09,"{datetime.datetime(2025, 9, 30, 0, 0): 1800}",6
GC09,CN-SNDDJ0CJ,410BMAIN,1198978-20,Y8470720R,2025-09-29,480.0,0,GC03,"{datetime.datetime(2025, 9, 30, 0, 0): 415, datetime.datetime(2025, 10, 1, 0, 0): 65}",1
GC09,CN-SNDDJ0CJ,410BMAIN,1198979-20,Y8470720R,2025-09-29,480.0,0,GC03,"{datetime.datetime(2025, 10, 1, 0, 0): 460, datetime.datetime(2025, 10, 2, 0, 0): 20}",1
GC09,CN-SNDDJ0CJ,410BMAIN,1198980-20,Y8470720R,2025-10-01,220.0,0,GC03,"{datetime.datetime(2025, 10, 2, 0, 0): 220}",1
GC09,CN-SNDDJ0CJ,410BMAIN,1198981-20,Y8470720R,2025-10-01,261.0,0,GC03,"{datetime.datetime(2025, 10, 2, 0, 0): 261}",1
GC09,CN-SNDDJ0CJ,410BMAIN,1198982-20,Y8470720R,2025-10-01,480.0,0,GC03,"{datetime.datetime(2025, 10, 3, 0, 0): 480}",1
GC09,AAE004547-CAA,MAIN集合,1199011-10,Y8470680R,2025-10-02,66.0,0,GC09,"{datetime.datetime(2025, 10, 6, 0, 0): 66}",6
GC09,AAE004547-CAA,MAIN集合,1199012-10,Y8470680R,2025-10-02,1578.0,0,GC09,"{datetime.datetime(2025, 10, 6, 0, 0): 1578}",6
GC09,TS-2912-10,MAIN,1198343-10,Y8470378R,2025-10-03,10.0,0,GC16,"{datetime.datetime(2025, 10, 6, 0, 0): 10}",1
GC09,TS-2912-10,MAIN,1198343-20,Y8470378R,2025-10-03,10.0,0,GC16,"{datetime.datetime(2025, 10, 6, 0, 0): 10}",1
GC09,CN-SNDDJ0CJ,410BMAIN,1199101-20,Y8470720R,2025-10-03,480.0,0,GC03,"{datetime.datetime(2025, 10, 6, 0, 0): 460, datetime.datetime(2025, 10, 7, 0, 0): 20}",1
GC09,CN-SNDDJ0CJ,410BMAIN,1199102-20,Y8470720R,2025-10-03,480.0,0,GC03,"{datetime.datetime(2025, 10, 7, 0, 0): 480}",1
GC09,CN-SNDDJ0CJ,410BMAIN,1199103-20,Y8470720R,2025-10-03,480.0,0,GC03,"{datetime.datetime(2025, 10, 7, 0, 0): 25, datetime.datetime(2025, 10, 8, 0, 0): 455}",1
GC09,CN-SNDDJ0CJ,410BMAIN,1199104-20,Y8470720R,2025-10-08,480.0,0,GC03,"{datetime.datetime(2025, 10, 8, 0, 0): 70, datetime.datetime(2025, 10, 9, 0, 0): 410}",1
GC09,TS-2910-22,SGMCB,1198346-10,Y8469985RA,2025-10-08,10.0,0,GC16,"{datetime.datetime(2025, 10, 9, 0, 0): 10}",1
GC09,TS-2910-20,SGMCA,1198349-10,Y8469983RA,2025-10-07,40.0,0,GC16,"{datetime.datetime(2025, 10, 9, 0, 0): 10, datetime.datetime(2025, 10, 10, 0, 0): 30}",1
GC09,TS-2910-22,SGMCB,1198346-20,Y8469985RA,2025-10-08,10.0,0,GC16,"{datetime.datetime(2025, 10, 10, 0, 0): 10}",1
GC09,TS-2910-20,SGMCA,1198349-20,Y8469983RA,2025-10-07,40.0,0,GC16,"{datetime.datetime(2025, 10, 10, 0, 0): 40}",1
GC09,AAE004547-CAA,MAIN集合,1199060-10,Y8470680R,2025-10-08,960.0,0,GT30,"{datetime.datetime(2025, 10, 10, 0, 0): 960}",6
GC09,AAE004547-CAA,MAIN集合,1199133-10,Y8470680R,2025-10-03,6.0,0,GC09,"{datetime.datetime(2025, 10, 4, 0, 0): 6}",6
GC09,CI-1200A-A,MAIN集合,1191504-10,Y8470005R,2024-12-20,100.0,0,GC04,"{datetime.datetime(2025, 10, 10, 0, 0): 100}",2
GC09,CI-1200A-A,MAIN集合,1191504-20,Y8470005R,2024-12-20,100.0,0,GC04,"{datetime.datetime(2025, 10, 10, 0, 0): 100}",2
GC09,CI-1300A-A,MAIN集合,1198378-10,Y8470009R,2025-09-19,200.0,0,GC04,"{datetime.datetime(2025, 10, 1, 0, 0): 200}",2
GC09,CI-1300A-A,MAIN集合,1198378-20,Y8470009R,2025-09-19,200.0,0,GC04,"{datetime.datetime(2025, 10, 1, 0, 0): 200}",2
GC09,CI-1300A-A,MAIN集合,-10,Y8470009R,2026-03-23,150.0,0,GC04,"{datetime.datetime(2025, 10, 1, 0, 0): 150}",2
GC09,CI-1300A-A,MAIN集合,-20,Y8470009R,2026-03-23,150.0,0,GC04,"{datetime.datetime(2025, 10, 1, 0, 0): 150}",2
GC09,EA-2406A-A,MAIN集合,1198695-10,Y8470011R,2025-10-20,100.0,0,GC04,"{datetime.datetime(2025, 10, 5, 0, 0): 60}",1
GC09,EA-2406A-A,MAIN,1198695-20,Y8469665R,2025-10-20,60.0,0,GC04,"{datetime.datetime(2025, 10, 5, 0, 0): 60}",1
GC09,TM-120,MAIN集合,1192202-10,Y8469964R,2025-01-14,175.0,0,GC04,"{datetime.datetime(2025, 9, 30, 0, 0): 50}",1
GC09,TM-120,MAIN,1192202-20,Y8470224R,2025-01-14,50.0,0,GC04,"{datetime.datetime(2025, 9, 30, 0, 0): 50}",1
GC09,TM-300,MAIN,1197434-10,Y8470224R,2025-08-04,50.0,0,GC04,"{datetime.datetime(2025, 10, 5, 0, 0): 100}",1
GC09,TM-300,MAIN集合,1197434-20,Y8470452R,2025-08-04,100.0,0,GC04,"{datetime.datetime(2025, 10, 5, 0, 0): 100}",1
GC09,BSR03RP,コントローラー集合,1189217-10,Y8470519R,2024-09-09,30.0,0,GC27,"{datetime.datetime(2025, 9, 29, 0, 0): 100}",2
GC09,BSR03RP,HANDY集合,1189217-20,Y8469996R,2024-09-09,100.0,0,GC27,"{datetime.datetime(2025, 9, 29, 0, 0): 100}",2
GC09,BSR031N,HANDY集合,1189399-10,Y8469996R,2024-09-30,100.0,0,GC27,"{datetime.datetime(2025, 9, 29, 0, 0): 200}",2
GC09,BSR031N,BASE集合,1189399-20,Y8469987R,2024-09-30,200.0,0,GC27,"{datetime.datetime(2025, 9, 29, 0, 0): 200}",2
GC09,BSR031N,BASE集合,1198093-10,Y8469987R,2025-09-02,200.0,0,GC27,"{datetime.datetime(2025, 9, 29, 0, 0): 20}",2
GC09,BSR031N,HANDY集合,1198093-20,Y8469989R,2025-09-02,20.0,0,GC27,"{datetime.datetime(2025, 9, 29, 0, 0): 20}",2
GC09,BSR031N,HANDY集合,1198096-10,Y8469989R,2025-09-02,20.0,0,GC27,"{datetime.datetime(2025, 10, 3, 0, 0): 480}",2
GC09,BSR031N,HANDY集合,1198096-20,Y8469989R,2025-09-02,480.0,0,GC27,"{datetime.datetime(2025, 10, 3, 0, 0): 480}",2
GC09,TS-2912-12,SGMCB,1196104-10,Y8469985RA,2025-06-03,10.0,0,GC16,"{datetime.datetime(2025, 9, 30, 0, 0): 50}",3
GC09,TS-2912-12,DDC集合,1196104-20,Y8470208R,2025-06-03,50.0,0,GC16,"{datetime.datetime(2025, 9, 30, 0, 0): 50}",3
GC09,TS-2912-12,DDC集合,1196102-10,Y8470208R,2025-06-03,50.0,0,GC16,"{datetime.datetime(2025, 9, 30, 0, 0): 50}",1
GC09,TS-2912-12,MAIN,1196102-20,Y8470206R,2025-06-03,50.0,0,GC16,"{datetime.datetime(2025, 9, 30, 0, 0): 50}",1
